name,age,games,plate appearance,at bat,runs,hits,doubles,triples,home runs,RBI,stolen bases,walks,strikeouts,hits/at bat,on base pct,slug pct,ops
Jose Abreu,31,84,362,328,41,87,27,1,12,50,1,23,66,.265,.323,.463,.787
Ronald Acuna,20,35,156,143,24,38,9,0,7,18,2,11,47,.266,.321,.476,.796
Jason Adam,26,1,0,0,0,0,0,0,0,0,0,0,0,0,0,0,0
Willy Adames,22,22,81,74,6,17,2,0,2,7,1,6,29,.230,.284,.338,.622
Austin Adams,27,2,0,0,0,0,0,0,0,0,0,0,0,0,0,0,0
Lane Adams,28,15,21,17,5,4,0,0,1,4,0,4,4,.235,.381,.412,.793
Matt Adams,29,57,171,153,24,42,7,0,13,36,0,16,37,.275,.351,.575,.926
Jim Adduci,33,2,5,5,1,1,0,0,0,0,0,0,1,.200,.200,.200,.400
Ehire Adrianza,28,64,207,188,24,49,14,1,4,19,4,14,50,.261,.314,.410,.723
Jesus Aguilar,28,75,263,231,41,70,13,0,19,55,0,24,69,.303,.365,.606,.971
Nick Ahmed,28,81,299,274,36,61,16,3,10,33,2,22,62,.223,.282,.412,.694
Matt Albers,35,22,0,0,0,0,0,0,0,0,0,0,0,0,0,0,0
Hanser Alberto,25,5,12,11,0,1,0,0,0,0,0,1,2,.091,.167,.091,.258
Ozzie Albies,21,84,393,367,66,102,27,2,18,49,8,19,65,.278,.319,.510,.828
Sandy Alcantara,22,1,2,2,0,0,0,0,0,0,0,0,0,.000,.000,.000,.000
Scott Alexander,28,37,5,4,0,0,0,0,0,0,0,0,4,.000,.000,.000,.000
Jorge Alfaro,25,63,220,207,19,51,10,1,5,17,0,10,84,.246,.291,.377,.668
Anthony Alford,23,7,16,14,2,2,0,0,0,1,1,2,6,.143,.250,.143,.393
Cody Allen,29,2,0,0,0,0,0,0,0,0,0,0,0,0,0,0,0
Greg Allen,25,35,114,106,11,22,3,2,1,4,4,5,33,.208,.248,.302,.550
Abraham Almonte,29,47,145,129,15,24,1,2,3,9,2,14,34,.186,.264,.295,.558
Yency Almonte,24,2,0,0,0,0,0,0,0,0,0,0,0,0,0,0,0
Albert Almora,24,79,271,249,46,82,19,1,4,27,1,17,44,.329,.370,.462,.832
Yonder Alonso,31,77,303,272,35,70,14,0,12,47,0,28,64,.257,.327,.441,.768
Aaron Altherr,27,77,225,191,19,33,6,1,6,32,1,30,73,.173,.289,.309,.598
Jose Altuve,28,88,387,346,56,115,22,2,7,41,12,35,48,.332,.396,.468,.864
Jose Alvarado,23,3,0,0,0,0,0,0,0,0,0,0,0,0,0,0,0
Jose Alvarez,29,1,0,0,0,0,0,0,0,0,0,0,0,0,0,0,0
Pedro Alvarez,31,45,127,111,18,20,2,0,8,18,0,16,36,.180,.283,.414,.698
Brian Anderson,25,88,380,338,48,95,21,2,5,41,2,34,71,.281,.358,.399,.757
Chase Anderson,30,15,27,23,1,3,0,0,0,0,0,0,13,.130,.130,.130,.261
Justin Anderson,25,1,0,0,0,0,0,0,0,0,0,0,0,0,0,0,0
Tanner Anderson,25,1,0,0,0,0,0,0,0,0,0,0,0,0,0,0,0
Tim Anderson,25,84,332,305,48,77,10,2,13,34,19,23,82,.252,.311,.426,.737
Tyler Anderson,28,19,37,29,6,4,0,0,0,1,0,2,19,.138,.219,.138,.357
John Andreoli,28,1,4,3,0,1,0,0,0,0,0,1,0,.333,.500,.333,.833
Matt Andriese,28,2,0,0,0,0,0,0,0,0,0,0,0,0,0,0,0
Elvis Andrus,29,27,126,112,13,30,5,1,2,9,0,11,12,.268,.341,.384,.725
Miguel Andujar,23,73,295,280,36,79,24,2,12,38,1,12,50,.282,.312,.511,.823
Victor Arano,23,27,0,0,0,0,0,0,0,0,0,0,0,0,0,0,0
Orlando Arcia,23,66,212,203,13,40,5,0,2,15,3,9,51,.197,.231,.251,.482
Nolan Arenado,27,81,356,308,57,96,19,2,22,63,2,45,67,.312,.396,.601,.997
Jake Arrieta,32,15,29,26,2,5,0,0,1,1,0,2,14,.192,.250,.308,.558
Christian Arroyo,23,20,59,53,5,14,2,1,1,6,0,6,16,.264,.339,.396,.735
Alec Asher,26,1,0,0,0,0,0,0,0,0,0,0,0,0,0,0,0
Willians Astudillo,26,4,14,14,1,5,0,1,0,3,0,0,0,.357,.357,.500,.857
Carlos Asuaje,26,46,128,114,7,24,4,0,2,13,0,12,22,.211,.281,.298,.579
Tyler Austin,26,34,132,121,16,27,6,0,8,23,1,8,53,.223,.280,.471,.751
Alex Avila,31,45,121,105,7,13,1,0,3,7,0,16,54,.124,.240,.219,.459
Luis Avilan,28,3,1,1,0,0,0,0,0,0,0,0,1,.000,.000,.000,.000
Harrison Bader,24,69,188,170,27,45,5,1,5,12,8,14,53,.265,.332,.394,.726
Javier Baez,25,82,321,301,54,86,21,6,16,61,15,12,81,.286,.321,.555,.876
Pedro Baez,30,30,3,3,0,0,0,0,0,0,0,0,2,.000,.000,.000,.000
Homer Bailey,32,12,22,17,0,3,0,0,0,0,0,0,9,.176,.176,.176,.353
Jett Bandy,28,24,71,64,5,12,2,0,1,1,0,3,23,.188,.268,.266,.533
Johnny Barbato,25,1,0,0,0,0,0,0,0,0,0,0,0,0,0,0,0
Austin Barnes,28,64,154,130,22,28,4,0,1,5,2,19,38,.215,.338,.269,.607
Danny Barnes,28,1,0,0,0,0,0,0,0,0,0,0,0,0,0,0,0
Jacob Barnes,28,28,0,0,0,0,0,0,0,0,0,0,0,0,0,0,0
Matt Barnes,28,3,0,0,0,0,0,0,0,0,0,0,0,0,0,0,0
Tony Barnette,34,1,0,0,0,0,0,0,0,0,0,0,0,0,0,0,0
Tucker Barnhart,27,72,299,259,29,67,12,1,5,27,0,32,55,.259,.341,.371,.712
Steven Baron,27,2,5,5,0,1,0,0,0,0,0,0,2,.200,.200,.200,.400
Kyle Barraclough,28,37,0,0,0,0,0,0,0,0,0,0,0,0,0,0,0
Franklin Barreto,22,18,54,52,7,11,3,0,3,10,0,1,23,.212,.241,.442,.683
Jake Barrett,26,5,0,0,0,0,0,0,0,0,0,0,0,0,0,0,0
Jaime Barria,21,1,2,2,0,0,0,0,0,0,0,0,0,.000,.000,.000,.000
Tyler Bashlor,25,2,0,0,0,0,0,0,0,0,0,0,0,0,0,0,0
Anthony Bass,30,14,0,0,0,0,0,0,0,0,0,0,0,0,0,0,0
Trevor Bauer,27,1,3,3,1,0,0,0,0,0,0,0,1,.000,.000,.000,.000
Jake Bauers,22,26,110,91,14,22,8,2,2,9,1,18,26,.242,.373,.440,.812
Buddy Baumann,30,4,1,1,0,0,0,0,0,0,0,0,0,.000,.000,.000,.000
Buddy Baumann,30,1,0,0,0,0,0,0,0,0,0,0,0,0,0,0,0
Buddy Baumann,30,3,1,1,0,0,0,0,0,0,0,0,0,.000,.000,.000,.000
Gerson Bautista,23,5,0,0,0,0,0,0,0,0,0,0,0,0,0,0,0
Jose Bautista,37,50,160,126,20,28,11,0,5,19,1,32,44,.222,.381,.429,.810
Jose Bautista,37,12,40,35,3,5,1,0,2,5,0,5,12,.143,.250,.343,.593
Jose Bautista,37,38,120,91,17,23,10,0,3,14,1,27,32,.253,.425,.462,.887
Rafael Bautista,25,9,6,6,1,0,0,0,0,0,0,0,1,.000,.000,.000,.000
Chris Beck,27,9,2,2,0,0,0,0,0,0,0,0,2,.000,.000,.000,.000
Chris Beck,27,4,1,1,0,0,0,0,0,0,0,0,1,.000,.000,.000,.000
Chris Beck,27,5,1,1,0,0,0,0,0,0,0,0,1,.000,.000,.000,.000
Gordon Beckham,31,12,39,34,1,7,1,0,0,1,1,3,7,.206,.270,.235,.506
Tim Beckham,28,31,125,115,10,25,5,0,1,6,1,9,34,.217,.272,.287,.559
Tyler Beede,25,2,2,2,0,0,0,0,0,0,0,0,2,.000,.000,.000,.000
Matt Belisle,38,2,0,0,0,0,0,0,0,0,0,0,0,0,0,0,0
Matt Belisle,38,2,0,0,0,0,0,0,0,0,0,0,0,0,0,0,0
Josh Bell,25,86,334,291,41,74,17,3,5,41,0,38,60,.254,.335,.385,.720
Cody Bellinger,22,85,347,305,54,73,16,4,17,43,5,39,86,.239,.326,.485,.811
Brandon Belt,30,71,302,259,39,77,14,1,13,39,2,37,62,.297,.391,.510,.900
Adrian Beltre,39,55,224,194,20,60,11,1,4,26,0,21,44,.309,.375,.438,.813
Andrew Benintendi,23,84,373,323,58,90,20,5,13,53,16,44,64,.279,.362,.492,.854
Jose Berrios,24,2,4,4,0,0,0,0,0,0,0,0,2,.000,.000,.000,.000
Dellin Betances,30,4,1,1,0,0,0,0,0,0,0,0,1,.000,.000,.000,.000
Chad Bettis,29,16,34,30,2,3,0,0,0,2,0,2,15,.100,.156,.100,.256
Mookie Betts,25,68,308,260,66,88,21,1,21,42,15,40,37,.338,.432,.669,1.101
Joe Biagini,28,1,0,0,0,0,0,0,0,0,0,0,0,0,0,0,0
Jesse Biddle,26,22,1,1,0,1,1,0,0,1,0,0,0,1.000,1.000,2.000,3.000
Shane Bieber,23,1,3,3,0,1,1,0,0,0,0,0,2,.333,.333,.667,1.000
Greg Bird,25,32,121,105,8,21,6,1,5,9,0,13,33,.200,.306,.419,.725
Ty Blach,27,26,30,25,0,1,0,0,0,0,0,2,12,.040,.111,.040,.151
Paul Blackburn,24,1,2,2,0,0,0,0,0,0,0,0,0,.000,.000,.000,.000
Charlie Blackmon,31,82,366,327,63,90,9,4,15,38,5,34,68,.275,.350,.465,.815
Gregor Blanco,34,42,129,120,13,29,4,3,1,5,3,8,37,.242,.289,.350,.639
Alex Blandino,25,63,139,122,13,27,4,0,1,8,0,12,40,.221,.307,.279,.585
Jabari Blash,28,7,21,18,1,2,0,0,0,0,0,3,9,.111,.238,.111,.349
Richard Bleier,31,2,0,0,0,0,0,0,0,0,0,0,0,0,0,0,0
Jerry Blevins,34,34,1,1,0,0,0,0,0,0,0,0,1,.000,.000,.000,.000
Xander Bogaerts,25,69,302,272,37,75,23,0,13,47,2,23,54,.276,.341,.504,.845
Jorge Bonifacio,25,6,22,20,0,5,1,0,0,1,0,2,4,.250,.318,.300,.618
David Bote,25,15,40,32,5,8,2,0,1,8,2,6,9,.250,.350,.406,.756
Justin Bour,30,86,344,286,31,67,9,1,13,37,0,57,82,.234,.360,.409,.770
Peter Bourjos,31,36,47,44,5,9,2,1,1,4,0,2,15,.205,.239,.364,.603
Matthew Bowman,27,19,0,0,0,0,0,0,0,0,0,0,0,0,0,0,0
Brad Boxberger,30,33,0,0,0,0,0,0,0,0,0,0,0,0,0,0,0
Matthew Boyd,27,2,2,2,0,0,0,0,0,0,0,0,2,.000,.000,.000,.000
Blaine Boyer,36,2,0,0,0,0,0,0,0,0,0,0,0,0,0,0,0
Brad Brach,32,5,0,0,0,0,0,0,0,0,0,0,0,0,0,0,0
Silvino Bracho,25,12,0,0,0,0,0,0,0,0,0,0,0,0,0,0,0
Archie Bradley,25,40,0,0,0,0,0,0,0,0,0,0,0,0,0,0,0
Jackie Bradley,28,77,284,247,34,50,12,1,6,25,9,25,71,.202,.296,.332,.628
Michael Brantley,31,74,329,301,45,92,20,1,11,48,5,22,29,.306,.353,.488,.841
Steven Brault,26,24,14,14,0,3,1,0,0,0,0,0,1,.214,.214,.286,.500
Ryan Braun,34,68,246,225,31,54,13,1,10,35,7,17,52,.240,.290,.440,.730
John Brebbia,28,24,2,2,0,0,0,0,0,0,0,0,1,.000,.000,.000,.000
Alex Bregman,24,85,385,330,53,92,27,1,16,54,8,50,48,.279,.379,.512,.891
Colten Brewer,25,1,0,0,0,0,0,0,0,0,0,0,0,0,0,0,0
Austin Brice,26,24,1,1,0,0,0,0,0,0,0,0,1,.000,.000,.000,.000
Jose Briceno,25,12,31,30,4,9,1,0,2,4,0,1,8,.300,.323,.533,.856
Lewis Brinson,24,84,311,290,22,54,6,4,10,30,1,14,94,.186,.232,.338,.570
Socrates Brito,25,8,17,17,1,2,0,0,0,1,0,0,3,.118,.118,.118,.235
Zach Britton,30,4,0,0,0,0,0,0,0,0,0,0,0,0,0,0,0
Rex Brothers,30,1,0,0,0,0,0,0,0,0,0,0,0,0,0,0,0
Keon Broxton,28,8,29,25,5,5,1,0,2,4,2,4,9,.200,.310,.480,.790
Jay Bruce,31,62,236,212,17,45,12,1,3,17,2,24,48,.212,.292,.321,.613
Kris Bryant,26,66,311,264,40,74,20,3,9,36,2,34,66,.280,.383,.481,.864
Clay Buchholz,33,6,14,12,0,1,0,0,0,0,0,0,5,.083,.083,.083,.167
Ryan Buchter,31,1,0,0,0,0,0,0,0,0,0,0,0,0,0,0,0
Walker Buehler,23,10,21,20,1,3,0,0,0,0,0,0,8,.150,.150,.150,.300
Madison Bumgarner,28,6,15,14,0,0,0,0,0,1,0,0,7,.000,.000,.000,.000
Aaron Bummer,24,4,0,0,0,0,0,0,0,0,0,0,0,0,0,0,0
Dylan Bundy,25,2,5,5,1,1,0,0,0,0,0,0,2,.200,.200,.200,.400
Matt Bush,32,2,0,0,0,0,0,0,0,0,0,0,0,0,0,0,0
Drew Butera,34,34,110,98,6,15,4,0,1,10,0,10,26,.153,.236,.224,.461
Eddie Butler,27,6,3,2,0,0,0,0,0,0,0,1,0,.000,.333,.000,.333
Byron Buxton,24,28,94,90,8,14,4,0,0,4,5,3,28,.156,.183,.200,.383
Asdrubal Cabrera,32,81,343,317,39,90,18,1,15,48,0,23,65,.284,.332,.489,.821
Melky Cabrera,33,17,66,58,6,12,5,0,0,11,0,3,10,.207,.242,.293,.536
Miguel Cabrera,35,38,157,134,17,40,11,0,3,22,0,22,27,.299,.395,.448,.843
Lorenzo Cain,32,72,312,265,48,77,15,0,8,26,16,43,53,.291,.394,.438,.832
Kole Calhoun,30,65,239,222,24,40,4,1,5,19,4,15,51,.180,.230,.275,.505
Johan Camargo,24,63,234,200,28,52,11,1,9,37,0,31,40,.260,.363,.460,.823
Jeimer Candelario,24,75,325,281,41,66,17,3,12,33,1,37,81,.235,.335,.445,.780
Mark Canha,29,65,233,208,32,53,13,0,11,32,0,21,55,.255,.330,.476,.806
Robinson Cano,35,39,169,143,24,41,10,0,4,23,0,21,23,.287,.385,.441,.825
Victor Caratini,24,27,72,66,8,17,3,0,0,4,0,5,15,.258,.319,.303,.622
Shane Carle,26,33,4,3,0,0,0,0,0,0,0,0,3,.000,.000,.000,.000
Matt Carpenter,32,80,341,289,49,76,26,0,15,37,0,49,83,.263,.370,.509,.878
Carlos Carrasco,31,1,4,4,0,1,0,0,0,1,0,0,2,.250,.250,.250,.500
Curt Casali,29,13,36,32,5,12,3,0,1,2,0,2,8,.375,.429,.563,.991
Andrew Cashner,31,2,3,3,0,0,0,0,0,0,0,0,1,.000,.000,.000,.000
Santiago Casilla,37,1,0,0,0,0,0,0,0,0,0,0,0,0,0,0,0
Nick Castellanos,26,85,369,343,47,106,26,3,14,54,1,22,80,.309,.358,.525,.883
Diego Castillo,24,2,0,0,0,0,0,0,0,0,0,0,0,0,0,0,0
Jose Castillo,22,11,1,1,0,0,0,0,0,1,0,0,0,.000,.000,.000,.000
Luis Castillo,25,17,36,33,3,5,1,0,0,1,0,2,13,.152,.200,.182,.382
Welington Castillo,31,33,123,116,12,31,5,0,6,15,0,6,33,.267,.309,.466,.774
Daniel Castro,25,18,47,46,2,8,1,0,1,6,0,1,7,.174,.191,.261,.452
Jason Castro,31,19,74,63,4,9,3,0,1,3,0,9,26,.143,.257,.238,.495
Miguel Castro,23,3,0,0,0,0,0,0,0,0,0,0,0,0,0,0,0
Starlin Castro,28,87,376,343,52,100,19,1,5,31,4,28,71,.292,.340,.397,.737
Jake Cave,25,16,48,46,7,10,2,0,3,7,1,2,15,.217,.250,.457,.707
Brett Cecil,31,18,0,0,0,0,0,0,0,0,0,0,0,0,0,0,0
Xavier Cedeno,31,2,0,0,0,0,0,0,0,0,0,0,0,0,0,0,0
Juan Centeno,28,10,38,37,3,6,1,0,1,3,0,1,7,.162,.184,.270,.454
Francisco Cervelli,32,55,218,175,24,45,7,3,9,36,0,31,45,.257,.390,.486,.876
Yoenis Cespedes,32,37,152,137,18,35,6,0,8,28,3,12,50,.255,.316,.474,.790
Luis Cessa,26,1,1,1,0,0,0,0,0,0,0,0,1,.000,.000,.000,.000
Jhoulys Chacin,30,16,33,28,1,6,0,0,0,0,0,2,8,.214,.267,.214,.481
Andrew Chafin,28,38,0,0,0,0,0,0,0,0,0,0,0,0,0,0,0
Aroldis Chapman,30,6,0,0,0,0,0,0,0,0,0,0,0,0,0,0,0
Matt Chapman,25,71,287,250,40,61,12,3,10,26,0,32,67,.244,.341,.436,.777
JT Chargois,27,21,1,1,0,0,0,0,0,0,0,0,0,.000,.000,.000,.000
Tyler Chatwood,28,14,23,19,1,3,0,0,0,2,0,0,6,.158,.158,.158,.316
Jesse Chavez,34,1,1,1,0,0,0,0,0,0,0,0,1,.000,.000,.000,.000
Wei-Yin Chen,32,13,19,19,0,2,0,0,0,2,0,0,9,.105,.105,.105,.211
Robinson Chirinos,34,63,240,205,26,43,12,0,11,35,1,23,93,.210,.321,.429,.750
Lonnie Chisenhall,29,29,95,84,11,27,6,1,1,9,1,8,12,.321,.394,.452,.846
Ji-Man Choi,27,12,32,30,4,7,2,0,2,5,0,2,14,.233,.281,.500,.781
Shin-Soo Choo,35,83,384,322,51,93,18,0,16,41,3,56,84,.289,.399,.494,.893
Adam Cimber,27,32,4,4,0,0,0,0,0,0,0,0,3,.000,.000,.000,.000
Tony Cingrani,28,28,0,0,0,0,0,0,0,0,0,0,0,0,0,0,0
Steve Cishek,32,39,5,5,1,1,0,0,0,0,0,0,1,.200,.200,.200,.400
Alex Claudio,26,1,0,0,0,0,0,0,0,0,0,0,0,0,0,0,0
Mike Clevinger,27,1,2,2,0,0,0,0,0,0,0,0,2,.000,.000,.000,.000
Tyler Clippard,33,1,0,0,0,0,0,0,0,0,0,0,0,0,0,0,0
Tyler Cloyd,31,6,3,3,0,0,0,0,0,0,0,0,2,.000,.000,.000,.000
Alex Cobb,30,3,7,6,0,1,0,0,0,0,0,0,2,.167,.167,.167,.333
A.J. Cole,26,4,4,3,1,1,0,0,1,1,0,0,1,.333,.333,1.333,1.667
A.J. Cole,26,4,4,3,1,1,0,0,1,1,0,0,1,.333,.333,1.333,1.667
Gerrit Cole,27,1,5,5,0,0,0,0,0,0,0,0,5,.000,.000,.000,.000
Louis Coleman,32,2,0,0,0,0,0,0,0,0,0,0,0,0,0,0,0
Tim Collins,28,15,0,0,0,0,0,0,0,0,0,0,0,0,0,0,0
Bartolo Colon,45,1,2,2,0,0,0,0,0,0,0,0,1,.000,.000,.000,.000
Michael Conforto,25,74,306,255,32,57,10,0,10,26,2,46,77,.224,.346,.380,.727
Adam Conley,28,19,0,0,0,0,0,0,0,0,0,0,0,0,0,0,0
P.J. Conlon,24,2,3,3,1,1,0,0,0,0,0,0,0,.333,.333,.333,.667
Willson Contreras,26,75,313,271,30,77,18,5,7,34,3,30,61,.284,.370,.465,.835
Garrett Cooper,27,4,9,7,0,1,0,0,0,1,0,1,3,.143,.333,.143,.476
Scott Copeland,30,1,0,0,0,0,0,0,0,0,0,0,0,0,0,0,0
Patrick Corbin,28,17,37,31,1,7,1,0,0,2,0,2,12,.226,.273,.258,.531
Daniel Corcino,27,2,1,1,0,0,0,0,0,0,0,0,1,.000,.000,.000,.000
Franchy Cordero,23,40,154,139,19,33,5,1,7,19,5,14,55,.237,.307,.439,.746
Carlos Correa,23,73,315,269,46,72,16,1,13,49,2,37,77,.268,.352,.480,.832
Danny Coulombe,28,1,0,0,0,0,0,0,0,0,0,0,0,0,0,0,0
Dylan Covey,26,1,1,1,0,0,0,0,0,0,0,0,1,.000,.000,.000,.000
Kaleb Cowart,26,5,8,8,2,1,1,0,0,0,0,0,2,.125,.125,.250,.375
Zack Cozart,32,58,253,224,29,49,13,2,5,18,0,19,42,.219,.296,.362,.658
Dylan Cozens,24,10,18,15,1,2,0,0,1,2,0,3,9,.133,.278,.333,.611
Brandon Crawford,31,83,330,294,38,91,21,2,10,39,3,27,66,.310,.373,.497,.869
J.P. Crawford,23,34,112,93,14,18,5,1,2,8,2,12,33,.194,.312,.333,.645
Kyle Crick,25,33,0,0,0,0,0,0,0,0,0,0,0,0,0,0,0
Kyle Crockett,26,7,0,0,0,0,0,0,0,0,0,0,0,0,0,0,0
C.J. Cron,28,79,338,301,40,72,13,0,16,39,1,20,93,.239,.314,.442,.755
Nelson Cruz,37,72,303,267,37,73,10,1,22,53,1,25,57,.273,.356,.566,.922
Tony Cruz,31,9,26,26,2,4,1,0,1,2,0,0,11,.154,.154,.308,.462
Johnny Cueto,32,4,9,8,0,0,0,0,0,0,0,0,1,.000,.000,.000,.000
Noel Cuevas,26,53,121,116,12,29,4,1,1,5,0,4,19,.250,.281,.328,.609
William Cuevas,27,1,0,0,0,0,0,0,0,0,0,0,0,0,0,0,0
Charlie Culberson,29,57,162,150,26,41,10,2,4,21,3,11,39,.273,.327,.447,.774
Zac Curtis,25,7,0,0,0,0,0,0,0,0,0,0,0,0,0,0,0
Cheslor Cuthbert,25,30,117,103,11,20,2,0,3,7,0,11,23,.194,.282,.301,.583
Travis d'Arnaud,29,4,16,15,1,3,0,0,1,3,0,1,5,.200,.250,.400,.650
David Dahl,24,32,97,91,8,25,3,2,4,13,2,4,28,.275,.309,.484,.793
Yu Darvish,31,8,14,12,0,1,1,0,0,0,0,0,7,.083,.083,.167,.250
Matt Davidson,27,66,273,230,31,54,14,0,14,37,0,38,98,.235,.348,.478,.826
Zach Davies,25,7,14,11,0,0,0,0,0,0,0,0,7,.000,.000,.000,.000
Austin Davis,25,6,2,2,0,0,0,0,0,0,0,0,2,.000,.000,.000,.000
Chris Davis,32,69,280,253,14,39,6,0,7,24,0,22,102,.154,.229,.261,.489
J.D. Davis,25,17,53,45,7,9,0,0,1,4,0,8,14,.200,.321,.267,.587
Khris Davis,30,77,333,293,45,70,16,0,20,57,0,29,84,.239,.321,.498,.820
Rajai Davis,37,58,151,135,26,35,4,0,1,6,16,9,28,.259,.318,.311,.629
Wade Davis,32,35,0,0,0,0,0,0,0,0,0,0,0,0,0,0,0
Jorge De La Rosa,37,33,2,1,1,0,0,0,0,0,0,1,0,.000,.500,.000,.500
Jacob deGrom,30,17,39,34,1,3,0,0,0,1,0,2,14,.088,.139,.088,.227
Paul DeJong,24,41,171,150,22,39,8,0,8,19,0,16,50,.260,.351,.473,.824
Nick Delmonico,25,37,135,116,10,26,4,1,1,7,1,16,24,.224,.333,.302,.635
Daniel Descalso,31,78,257,212,28,53,13,4,9,42,0,36,64,.250,.354,.476,.831
Anthony DeSclafani,28,6,16,16,1,3,0,0,1,4,0,0,8,.188,.188,.375,.563
Delino DeShields,25,65,282,237,41,55,10,1,2,18,16,32,58,.232,.330,.308,.638
Ian Desmond,32,85,332,297,45,64,10,2,17,48,7,29,89,.215,.292,.434,.727
Odrisamer Despaigne,31,11,4,4,0,1,0,0,0,0,0,0,1,.250,.250,.250,.500
Chris Devenski,27,1,0,0,0,0,0,0,0,0,0,0,0,0,0,0,0
Rafael Devers,21,85,349,326,41,80,20,0,14,47,5,21,88,.245,.289,.436,.725
Aledmys Diaz,27,61,217,205,26,49,9,0,7,19,1,9,31,.239,.276,.385,.662
Edwin Diaz,24,2,0,0,0,0,0,0,0,0,0,0,0,0,0,0,0
Elias Diaz,27,48,148,136,26,41,8,0,7,22,0,9,17,.301,.345,.515,.859
Corey Dickerson,29,77,305,287,35,87,18,3,6,33,4,12,40,.303,.338,.449,.787
Jake Diekman,31,1,0,0,0,0,0,0,0,0,0,0,0,0,0,0,0
Derek Dietrich,28,83,324,296,42,85,16,1,11,30,1,15,79,.287,.346,.459,.805
Wilmer Difo,26,82,277,252,33,62,8,4,3,22,5,20,52,.246,.302,.345,.647
Brandon Dixon,26,29,34,32,5,7,1,0,1,2,0,2,10,.219,.265,.344,.608
Seranthony Dominguez,23,24,1,0,0,0,0,0,0,0,0,1,0,0,1.000,0,0
Josh Donaldson,32,36,159,137,22,32,11,0,5,16,2,21,44,.234,.333,.423,.757
Sean Doolittle,31,30,0,0,0,0,0,0,0,0,0,0,0,0,0,0,0
Brian Dozier,31,82,364,322,51,71,16,2,12,34,5,38,68,.220,.308,.394,.702
Hunter Dozier,26,44,160,148,12,33,7,0,4,11,1,12,48,.223,.281,.351,.633
Oliver Drake,31,12,0,0,0,0,0,0,0,0,0,0,0,0,0,0,0
Oliver Drake,31,1,0,0,0,0,0,0,0,0,0,0,0,0,0,0,0
Oliver Drake,31,11,0,0,0,0,0,0,0,0,0,0,0,0,0,0,0
Oliver Drake,31,1,0,0,0,0,0,0,0,0,0,0,0,0,0,0,0
Brandon Drury,25,12,37,32,2,6,1,0,1,5,0,5,10,.188,.297,.313,.610
Lucas Duda,32,47,179,163,15,40,8,0,6,24,0,10,45,.245,.307,.405,.712
Brian Duensing,35,35,2,1,1,0,0,0,0,0,0,1,1,.000,.500,.000,.500
Danny Duffy,29,1,2,2,0,0,0,0,0,0,0,0,2,.000,.000,.000,.000
Matt Duffy,27,70,299,277,26,87,15,1,4,25,6,17,49,.314,.361,.419,.780
Zach Duke,35,4,1,1,0,0,0,0,0,0,0,0,1,.000,.000,.000,.000
Mike Dunn,33,25,0,0,0,0,0,0,0,0,0,0,0,0,0,0,0
Adam Duvall,29,86,299,266,31,54,13,0,13,53,2,29,78,.203,.288,.398,.686
Jarrod Dyson,33,67,237,206,29,39,4,2,2,12,16,27,34,.189,.282,.257,.539
Sam Dyson,30,40,0,0,0,0,0,0,0,0,0,0,0,0,0,0,0
Adam Eaton,29,28,109,98,18,29,4,0,2,10,0,8,19,.296,.367,.398,.765
Carl Edwards,26,25,0,0,0,0,0,0,0,0,0,0,0,0,0,0,0
Zach Eflin,24,11,25,21,3,4,0,0,1,1,0,0,13,.190,.190,.333,.524
A.J. Ellis,37,35,118,97,10,31,5,0,1,11,0,17,19,.320,.422,.402,.824
Edwin Encarnacion,35,76,326,289,43,65,10,0,20,58,0,31,79,.225,.305,.467,.772
Adam Engel,26,77,257,232,29,52,10,2,2,18,10,13,64,.224,.282,.310,.592
Nathan Eovaldi,28,3,3,3,1,0,0,0,0,0,0,0,2,.000,.000,.000,.000
Robbie Erlin,27,21,6,6,0,1,0,0,0,0,0,0,3,.167,.167,.167,.333
Phil Ervin,25,19,45,39,5,8,1,0,0,3,1,5,12,.205,.311,.231,.542
Alcides Escobar,31,86,327,301,32,58,10,2,3,18,3,17,45,.193,.243,.269,.512
Eduardo Escobar,29,80,334,303,39,84,34,2,13,50,1,26,77,.277,.335,.531,.867
Phillip Evans,25,7,9,9,0,1,0,0,0,0,0,0,5,.111,.111,.111,.222
Jeurys Familia,28,34,0,0,0,0,0,0,0,0,0,0,0,0,0,0,0
Buck Farmer,27,3,0,0,0,0,0,0,0,0,0,0,0,0,0,0,0
Kyle Farmer,27,32,71,63,1,15,4,0,0,8,0,5,13,.238,.310,.302,.611
Luke Farrell,27,15,4,3,0,0,0,0,0,0,0,0,3,.000,.000,.000,.000
Erick Fedde,25,5,9,8,0,0,0,0,0,0,0,1,3,.000,.111,.000,.111
Tim Federowicz,30,4,15,14,2,3,2,0,0,0,0,1,5,.214,.267,.357,.624
Michael Feliz,25,30,0,0,0,0,0,0,0,0,0,0,0,0,0,0,0
Caleb Ferguson,21,7,4,4,0,1,0,0,0,0,0,0,3,.250,.250,.250,.500
Jose Fernandez,30,10,33,33,1,9,2,0,0,3,0,0,3,.273,.273,.333,.606
Johnny Field,26,58,172,162,19,35,8,0,6,14,4,7,55,.216,.257,.377,.634
Josh Fields,32,37,0,0,0,0,0,0,0,0,0,0,0,0,0,0,0
Brandon Finnegan,25,5,7,7,0,0,0,0,0,0,0,0,1,.000,.000,.000,.000
Derek Fisher,24,36,81,74,13,13,2,2,4,11,2,5,37,.176,.222,.419,.641
Jack Flaherty,22,12,24,21,1,3,0,0,0,0,0,0,10,.143,.143,.143,.286
Ryan Flaherty,31,57,151,133,16,33,6,0,2,12,3,16,33,.248,.331,.338,.669
David Fletcher,24,17,48,45,2,14,2,1,0,5,1,2,5,.311,.354,.400,.754
Chris Flexen,23,3,0,0,0,0,0,0,0,0,0,0,0,0,0,0,0
Wilmer Flores,26,64,195,174,19,46,13,0,7,27,0,16,20,.264,.323,.460,.783
Pedro Florimon,31,33,62,57,11,15,5,1,2,5,1,5,20,.263,.323,.491,.814
Dylan Floro,27,24,5,4,0,0,0,0,0,0,0,0,2,.000,.000,.000,.000
Tyler Flowers,32,37,139,116,15,28,5,0,4,15,0,17,33,.241,.367,.388,.755
Brian Flynn,28,1,0,0,0,0,0,0,0,0,0,0,0,0,0,0,0
Mike Foltynewicz,26,15,30,28,1,2,1,0,0,2,0,0,20,.071,.071,.107,.179
Wilmer Font,28,7,2,0,0,0,0,0,0,0,0,0,0,0,0,0,0
Wilmer Font,28,1,0,0,0,0,0,0,0,0,0,0,0,0,0,0,0
Wilmer Font,28,6,2,0,0,0,0,0,0,0,0,0,0,0,0,0,0
Wilmer Font,28,1,0,0,0,0,0,0,0,0,0,0,0,0,0,0,0
Nolan Fontana,27,8,12,11,1,1,0,0,1,1,0,1,6,.091,.167,.364,.530
Logan Forsythe,31,53,174,161,12,33,10,0,2,11,2,12,29,.205,.259,.304,.563
Dexter Fowler,32,66,250,216,30,37,8,0,5,20,3,29,54,.171,.276,.278,.554
Dustin Fowler,23,45,146,136,14,34,3,1,5,17,5,7,28,.250,.288,.397,.685
Maikel Franco,25,74,260,240,26,63,11,1,10,38,0,17,36,.263,.308,.442,.749
Nick Franklin,27,1,2,2,0,0,0,0,0,0,0,0,0,.000,.000,.000,.000
Adam Frazier,26,58,156,138,23,33,3,2,3,8,0,15,22,.239,.323,.355,.678
Clint Frazier,23,8,24,20,7,7,2,0,0,1,0,3,5,.350,.458,.450,.908
Todd Frazier,32,58,249,216,29,48,7,0,10,32,5,26,56,.222,.305,.394,.699
Kyle Freeland,25,16,38,34,3,3,1,0,0,1,0,2,20,.088,.139,.118,.257
Freddie Freeman,28,85,381,328,54,101,21,2,16,56,6,48,70,.308,.399,.530,.929
Sam Freeman,31,37,1,1,0,0,0,0,0,0,0,0,1,.000,.000,.000,.000
David Freese,35,59,150,135,16,36,5,0,5,23,0,12,35,.267,.327,.415,.741
David Freitas,29,23,70,60,7,13,4,0,0,3,0,7,18,.217,.299,.283,.582
Max Fried,24,6,6,6,1,1,0,0,0,0,0,0,2,.167,.167,.167,.333
Jace Fry,24,3,0,0,0,0,0,0,0,0,0,0,0,0,0,0,0
Paul Fry,25,1,0,0,0,0,0,0,0,0,0,0,0,0,0,0,0
Carson Fulmer,24,1,0,0,0,0,0,0,0,0,0,0,0,0,0,0,0
Michael Fulmer,25,3,7,6,0,0,0,0,0,0,0,0,4,.000,.000,.000,.000
Cam Gallagher,25,8,25,24,2,5,2,0,0,2,0,1,4,.208,.240,.292,.532
Yovani Gallardo,32,3,0,0,0,0,0,0,0,0,0,0,0,0,0,0,0
Yovani Gallardo,32,3,0,0,0,0,0,0,0,0,0,0,0,0,0,0,0
Giovanny Gallegos,26,1,1,1,0,0,0,0,0,0,0,0,0,.000,.000,.000,.000
Joey Gallo,24,84,331,288,44,55,12,1,20,46,3,40,121,.191,.296,.448,.744
Freddy Galvis,28,88,347,314,29,74,15,3,4,29,3,27,77,.236,.295,.341,.636
Ben Gamel,26,57,182,163,22,48,9,3,1,9,5,16,34,.294,.368,.405,.773
John Gant,25,10,12,11,0,0,0,0,0,0,0,0,4,.000,.000,.000,.000
Avisail Garcia,27,31,133,128,18,37,6,2,7,13,0,2,31,.289,.308,.531,.840
Greg Garcia,28,64,119,103,12,27,5,0,2,10,0,13,21,.262,.339,.369,.708
Jaime Garcia,31,2,4,4,0,0,0,0,0,0,0,0,4,.000,.000,.000,.000
Jarlin Garcia,25,11,11,9,0,0,0,0,0,0,0,1,7,.000,.100,.000,.100
Leury Garcia,27,50,163,154,13,43,4,2,2,16,9,5,36,.279,.315,.370,.685
Luis Garcia,31,29,0,0,0,0,0,0,0,0,0,0,0,0,0,0,0
Yimi Garcia,27,20,0,0,0,0,0,0,0,0,0,0,0,0,0,0,0
Brett Gardner,34,70,318,270,46,67,12,2,5,21,7,39,51,.248,.346,.363,.709
Amir Garrett,26,37,2,2,0,0,0,0,0,0,0,0,1,.000,.000,.000,.000
Mitch Garver,27,53,167,152,17,39,8,0,3,11,0,13,42,.257,.323,.368,.692
Evan Gattis,31,77,281,253,34,63,13,0,17,57,1,20,63,.249,.306,.502,.808
Kevin Gausman,27,1,2,2,0,0,0,0,0,0,0,0,2,.000,.000,.000,.000
Sam Gaviglio,28,1,3,3,0,1,1,0,0,0,0,0,1,.333,.333,.667,1.000
Cory Gearrin,32,31,0,0,0,0,0,0,0,0,0,0,0,0,0,0,0
Scooter Gennett,28,83,345,317,51,105,20,0,14,57,2,21,66,.331,.371,.527,.898
Craig Gentry,34,59,135,123,9,30,3,2,0,8,10,10,27,.244,.306,.301,.607
Mike Gerber,25,3,2,2,0,0,0,0,0,0,0,0,1,.000,.000,.000,.000
Domingo German,25,2,2,1,0,0,0,0,0,0,0,1,1,.000,.500,.000,.500
Kyle Gibson,30,1,2,2,2,2,0,0,0,0,0,0,0,1.000,1.000,1.000,2.000
Ken Giles,27,1,0,0,0,0,0,0,0,0,0,0,0,0,0,0,0
Chris Gimenez,35,12,32,28,1,4,0,0,0,1,1,3,7,.143,.219,.143,.362
Lucas Giolito,23,3,6,6,0,0,0,0,0,0,0,0,4,.000,.000,.000,.000
Mychal Givens,28,4,0,0,0,0,0,0,0,0,0,0,0,0,0,0,0
Tyler Glasnow,24,26,2,2,0,0,0,0,0,0,0,0,2,.000,.000,.000,.000
Zack Godley,28,17,35,30,0,3,0,0,0,1,0,1,20,.100,.129,.100,.229
Erik Goeddel,29,18,0,0,0,0,0,0,0,0,0,0,0,0,0,0,0
Erik Goeddel,29,18,0,0,0,0,0,0,0,0,0,0,0,0,0,0,0
Luiz Gohara,21,7,2,2,0,0,0,0,0,0,0,0,2,.000,.000,.000,.000
Ryan Goins,30,41,120,115,10,26,8,1,0,6,0,4,29,.226,.252,.313,.565
Paul Goldschmidt,30,85,374,317,58,87,17,4,19,48,2,52,100,.274,.385,.533,.918
Austin Gomber,24,15,1,1,0,0,0,0,0,0,0,0,0,.000,.000,.000,.000
Yan Gomes,30,61,240,218,29,55,15,0,10,28,0,16,73,.252,.317,.459,.775
Carlos Gomez,32,70,278,251,25,49,7,2,7,17,4,16,74,.195,.271,.323,.593
Miguel Gomez,25,9,15,15,3,4,0,0,0,1,0,0,5,.267,.267,.267,.533
Roberto Gomez,28,5,2,2,0,0,0,0,0,0,0,0,2,.000,.000,.000,.000
Marco Gonzales,26,1,3,2,0,0,0,0,0,0,0,0,2,.000,.000,.000,.000
Adrian Gonzalez,36,54,187,169,15,40,5,0,6,26,0,15,34,.237,.299,.373,.672
Alfredo Gonzalez,25,3,9,9,0,1,0,0,0,1,0,0,4,.111,.111,.111,.222
Carlos Gonzalez,32,67,244,225,33,60,11,2,7,29,3,17,58,.267,.316,.427,.742
Erik Gonzalez,26,45,84,79,8,23,7,1,1,13,1,4,23,.291,.333,.443,.776
Gio Gonzalez,32,14,29,27,0,1,0,0,0,0,0,0,17,.037,.037,.037,.074
Marwin Gonzalez,29,79,304,269,26,61,11,3,6,34,2,29,77,.227,.302,.357,.659
Merandy Gonzalez,22,6,2,2,0,1,0,0,0,0,0,0,1,.500,.500,.500,1.000
Niko Goodrum,26,68,233,207,28,50,17,2,7,26,6,22,65,.242,.318,.444,.762
Brian Goodwin,27,38,68,55,7,10,1,0,3,12,3,9,23,.182,.313,.364,.677
Alex Gordon,34,69,272,243,22,60,8,0,5,15,5,22,58,.247,.327,.342,.669
Dee Gordon,30,77,343,322,38,90,13,2,1,20,22,6,49,.280,.301,.342,.642
Philip Gosselin,29,20,28,24,5,3,0,0,1,2,0,4,8,.125,.250,.250,.500
Trevor Gott,25,18,0,0,0,0,0,0,0,0,0,0,0,0,0,0,0
Matt Grace,29,21,1,1,0,0,0,0,0,0,0,0,0,.000,.000,.000,.000
Yasmani Grandal,29,72,277,239,39,59,13,1,12,44,1,33,60,.247,.343,.460,.803
Curtis Granderson,37,69,237,202,31,50,13,1,9,27,1,32,71,.248,.356,.455,.811
Juan Graterol,29,1,1,1,0,1,0,0,0,0,0,0,0,1.000,1.000,1.000,2.000
Brett Graves,25,3,1,1,0,0,0,0,0,0,0,0,0,.000,.000,.000,.000
Jon Gray,26,16,32,26,1,3,1,0,0,1,0,2,14,.115,.179,.154,.332
Sonny Gray,28,1,2,2,1,0,0,0,0,0,0,0,0,.000,.000,.000,.000
Chad Green,27,2,0,0,0,0,0,0,0,0,0,0,0,0,0,0,0
Shane Greene,29,1,0,0,0,0,0,0,0,0,0,0,0,0,0,0,0
Luke Gregerson,34,11,0,0,0,0,0,0,0,0,0,0,0,0,0,0,0
Didi Gregorius,28,79,344,305,50,78,15,2,15,45,9,30,46,.256,.320,.466,.785
Grayson Greiner,25,14,54,48,4,11,3,0,0,5,0,5,16,.229,.296,.292,.588
Zack Greinke,34,16,38,32,4,9,3,0,0,4,2,3,8,.281,.343,.375,.718
Randal Grichuk,26,54,184,166,23,34,9,0,10,27,2,12,47,.205,.272,.440,.711
Robbie Grossman,28,70,242,212,21,50,10,1,4,25,0,27,54,.236,.318,.349,.667
Robert Gsellman,24,37,4,3,1,0,0,0,0,0,0,0,2,.000,.250,.000,.250
Javy Guerra,22,2,2,2,0,0,0,0,0,0,0,0,2,.000,.000,.000,.000
Junior Guerra,33,14,21,19,0,0,0,0,0,0,0,0,7,.000,.000,.000,.000
Tayron Guerrero,27,39,0,0,0,0,0,0,0,0,0,0,0,0,0,0,0
Luis Guillorme,23,29,64,58,3,10,2,0,0,4,1,6,3,.172,.250,.207,.457
Preston Guilmet,30,2,0,0,0,0,0,0,0,0,0,0,0,0,0,0,0
Preston Guilmet,30,2,0,0,0,0,0,0,0,0,0,0,0,0,0,0,0
Lourdes Gurriel,24,24,86,84,8,19,1,0,4,13,1,2,19,.226,.244,.381,.625
Yuli Gurriel,34,68,292,277,36,82,21,0,5,39,2,10,31,.296,.322,.426,.748
Brandon Guyer,32,48,113,99,8,16,5,0,3,11,1,9,28,.162,.265,.303,.569
Ronald Guzman,23,61,217,193,22,46,9,2,7,30,1,20,64,.238,.318,.415,.732
Jedd Gyorko,29,68,197,179,16,43,9,0,6,23,1,15,46,.240,.299,.391,.691
Josh Hader,24,26,1,1,1,1,0,0,0,0,0,0,0,1.000,1.000,1.000,2.000
Cole Hamels,34,1,2,2,0,0,0,0,0,0,0,0,0,.000,.000,.000,.000
Billy Hamilton,27,83,295,263,44,56,5,4,3,19,16,30,81,.213,.295,.297,.591
Jason Hammel,35,1,3,3,0,0,0,0,0,0,0,0,2,.000,.000,.000,.000
Justin Hancock,27,10,2,2,0,0,0,0,0,0,0,0,2,.000,.000,.000,.000
Brad Hand,28,36,1,1,0,0,0,0,0,0,0,0,0,.000,.000,.000,.000
Mitch Haniger,27,86,367,320,44,86,16,2,17,62,4,40,84,.269,.351,.491,.842
Alen Hanson,25,44,134,125,21,35,12,2,5,22,4,7,26,.280,.313,.528,.841
Ian Happ,23,74,251,210,32,53,10,1,10,23,4,40,93,.252,.375,.452,.827
J.A. Happ,35,2,7,6,2,2,0,0,0,0,0,1,3,.333,.429,.333,.762
Blaine Hardy,31,1,0,0,0,0,0,0,0,0,0,0,0,0,0,0,0
Bryce Harper,25,84,370,293,49,63,14,0,21,50,6,68,89,.215,.362,.478,.840
Will Harris,33,1,0,0,0,0,0,0,0,0,0,0,0,0,0,0,0
Josh Harrison,30,51,224,207,28,53,6,1,4,20,2,8,31,.256,.291,.353,.644
Donnie Hart,27,1,0,0,0,0,0,0,0,0,0,0,0,0,0,0,0
Matt Harvey,29,18,29,27,0,2,0,0,0,0,0,1,11,.074,.107,.074,.181
Matt Harvey,29,8,7,7,0,2,0,0,0,0,0,0,2,.286,.286,.286,.571
Matt Harvey,29,10,22,20,0,0,0,0,0,0,0,1,9,.000,.048,.000,.048
Chris Hatcher,33,2,0,0,0,0,0,0,0,0,0,0,0,0,0,0,0
Chase Headley,34,27,60,52,2,6,1,0,0,4,0,6,20,.115,.233,.135,.368
Ryon Healy,26,70,279,266,33,67,8,0,17,41,0,11,65,.252,.283,.474,.757
Andrew Heaney,27,1,2,2,0,0,0,0,0,0,0,0,2,.000,.000,.000,.000
Adeiny Hechavarria,29,47,187,172,20,45,5,0,3,20,0,8,27,.262,.286,.343,.630
Austin Hedges,25,30,101,94,6,17,4,0,2,11,0,7,38,.181,.238,.287,.525
Jeremy Hellickson,31,9,17,16,0,1,1,0,0,1,0,0,6,.063,.063,.125,.188
Heath Hembree,29,3,1,1,0,0,0,0,0,0,0,0,1,.000,.000,.000,.000
Kyle Hendricks,28,17,34,33,0,3,1,0,0,1,0,1,17,.091,.118,.121,.239
Liam Hendriks,29,2,0,0,0,0,0,0,0,0,0,0,0,0,0,0,0
Guillermo Heredia,27,72,214,179,17,41,7,1,2,9,1,24,38,.229,.327,.313,.640
Michael Hermosillo,23,16,41,38,2,5,2,0,0,0,0,1,11,.132,.195,.184,.379
Cesar Hernandez,28,84,379,320,58,84,12,1,8,28,13,57,80,.263,.375,.381,.756
David Hernandez,33,22,1,1,0,0,0,0,0,0,0,0,0,.000,.000,.000,.000
Elieser Hernandez,23,14,9,9,0,0,0,0,0,0,0,0,7,.000,.000,.000,.000
Enrique Hernandez,26,79,239,211,34,49,6,1,15,32,1,25,52,.232,.311,.483,.794
Felix Hernandez,32,1,2,2,0,0,0,0,0,0,0,0,0,.000,.000,.000,.000
Gorkys Hernandez,30,76,247,225,30,62,7,1,11,25,4,16,69,.276,.327,.462,.789
Teoscar Hernandez,25,68,298,276,39,72,19,6,13,34,3,18,76,.261,.312,.514,.827
Kelvin Herrera,28,8,0,0,0,0,0,0,0,0,0,0,0,0,0,0,0
Kelvin Herrera,28,2,0,0,0,0,0,0,0,0,0,0,0,0,0,0,0
Kelvin Herrera,28,6,0,0,0,0,0,0,0,0,0,0,0,0,0,0,0
Odubel Herrera,26,82,350,322,42,89,14,2,14,47,4,22,71,.276,.330,.463,.792
Rosell Herrera,25,27,79,75,3,19,4,2,0,7,1,2,18,.253,.269,.360,.629
Rosell Herrera,25,11,13,13,0,2,0,0,0,0,0,0,5,.154,.154,.154,.308
Rosell Herrera,25,16,66,62,3,17,4,2,0,7,1,2,13,.274,.292,.403,.696
Chris Herrmann,30,6,20,16,2,3,0,0,0,0,0,4,4,.188,.350,.188,.538
David Hess,24,3,3,2,2,0,0,0,0,0,0,1,0,.000,.333,.000,.333
Jason Heyward,28,68,271,244,40,70,15,3,5,38,0,21,30,.287,.343,.434,.778
Aaron Hicks,28,67,281,239,42,62,12,2,15,40,7,35,53,.259,.354,.515,.868
John Hicks,28,60,232,214,28,60,10,1,8,28,0,16,63,.280,.329,.449,.778
Jordan Hicks,21,39,1,1,0,0,0,0,0,0,0,0,1,.000,.000,.000,.000
Kyle Higashioka,28,6,18,16,3,3,0,0,3,4,0,2,6,.188,.278,.750,1.028
Trevor Hildenberger,27,5,0,0,0,0,0,0,0,0,0,0,0,0,0,0,0
Rich Hill,38,10,15,15,0,1,0,0,0,0,0,0,6,.067,.067,.067,.133
Tim Hill,28,1,0,0,0,0,0,0,0,0,0,0,0,0,0,0,0
Yoshihisa Hirano,34,39,0,0,0,0,0,0,0,0,0,0,0,0,0,0,0
Jeff Hoffman,25,5,0,0,0,0,0,0,0,0,0,0,0,0,0,0,0
Bryan Holaday,30,33,95,88,4,15,1,0,1,8,0,5,16,.170,.221,.216,.437
Jonathan Holder,25,5,0,0,0,0,0,0,0,0,0,0,0,0,0,0,0
Derek Holland,31,16,30,29,1,2,1,0,0,0,0,0,18,.069,.069,.103,.172
Greg Holland,32,25,0,0,0,0,0,0,0,0,0,0,0,0,0,0,0
Clay Holmes,25,3,2,2,1,0,0,0,0,0,0,0,1,.000,.000,.000,.000
Brock Holt,30,52,175,153,18,45,12,1,1,19,3,17,29,.294,.371,.405,.777
J.J. Hoover,30,2,0,0,0,0,0,0,0,0,0,0,0,0,0,0,0
Rhys Hoskins,25,75,320,265,45,66,20,0,14,53,4,46,81,.249,.364,.483,.847
Eric Hosmer,28,83,359,322,37,86,21,1,9,37,4,37,76,.267,.343,.422,.765
Adrian Houser,25,5,0,0,0,0,0,0,0,0,0,0,0,0,0,0,0
Sam Howard,25,1,0,0,0,0,0,0,0,0,0,0,0,0,0,0,0
Daniel Hudson,31,27,2,2,0,0,0,0,0,0,0,0,1,.000,.000,.000,.000
Jared Hughes,32,37,0,0,0,0,0,0,0,0,0,0,0,0,0,0,0
Phil Hughes,32,8,0,0,0,0,0,0,0,0,0,0,0,0,0,0,0
Phil Hughes,32,1,0,0,0,0,0,0,0,0,0,0,0,0,0,0,0
Phil Hughes,32,7,0,0,0,0,0,0,0,0,0,0,0,0,0,0,0
Nick Hundley,34,46,142,133,19,35,7,1,8,24,0,9,37,.263,.310,.511,.821
Tommy Hunter,31,30,0,0,0,0,0,0,0,0,0,0,0,0,0,0,0
Drew Hutchison,27,10,4,3,0,1,0,0,0,0,0,1,1,.333,.500,.333,.833
Chris Iannetta,35,56,203,172,21,42,9,0,7,21,0,25,51,.244,.351,.419,.770
Jose Iglesias,28,84,314,293,28,80,20,3,2,31,12,12,33,.273,.311,.382,.693
Raisel Iglesias,28,33,2,2,0,0,0,0,0,0,0,0,1,.000,.000,.000,.000
Ender Inciarte,27,83,375,341,49,86,12,2,6,33,23,29,48,.252,.316,.352,.667
Austin Jackson,31,57,163,147,12,36,8,0,0,13,2,14,58,.245,.313,.299,.612
Luke Jackson,26,8,2,1,0,0,0,0,0,0,0,0,0,.000,.000,.000,.000
Travis Jankowski,27,56,203,181,23,51,6,2,1,7,13,20,36,.282,.356,.354,.710
Kenley Jansen,30,38,0,0,0,0,0,0,0,0,0,0,0,0,0,0,0
Jon Jay,33,85,379,337,48,97,13,3,2,27,4,26,63,.288,.355,.362,.717
Jon Jay,33,59,266,238,28,73,9,2,1,18,3,19,39,.307,.363,.374,.737
Jon Jay,33,26,113,99,20,24,4,1,1,9,1,7,24,.242,.336,.333,.670
Jeremy Jeffress,30,36,0,0,0,0,0,0,0,0,0,0,0,0,0,0,0
Dan Jennings,31,32,3,3,1,2,1,0,0,0,0,0,1,.667,.667,1.000,1.667
Joe Jimenez,23,2,0,0,0,0,0,0,0,0,0,0,0,0,0,0,0
Brian Johnson,27,2,4,4,1,1,0,0,0,0,0,0,1,.250,.250,.250,.500
Pierce Johnson,27,26,1,1,0,0,0,0,0,0,0,0,0,.000,.000,.000,.000
Adam Jones,32,81,350,335,35,96,20,0,10,33,0,10,58,.287,.311,.436,.747
JaCoby Jones,26,79,290,267,32,59,16,4,6,21,7,13,81,.221,.273,.378,.652
Nate Jones,32,3,0,0,0,0,0,0,0,0,0,0,0,0,0,0,0
Caleb Joseph,32,33,112,108,7,19,7,2,1,4,0,2,30,.176,.198,.306,.504
Corban Joseph,29,4,10,9,0,1,0,0,0,1,0,1,2,.111,.200,.111,.311
Matthew Joyce,33,63,226,192,30,39,9,0,7,13,0,30,51,.203,.311,.359,.670
Aaron Judge,26,82,371,306,61,86,18,0,24,57,6,60,114,.281,.399,.575,.974
Jakob Junis,25,2,2,2,0,0,0,0,0,0,0,0,1,.000,.000,.000,.000
Kevin Kaczmarski,26,2,2,1,0,0,0,0,0,0,0,1,0,.000,.500,.000,.500
Brad Keller,22,2,0,0,0,0,0,0,0,0,0,0,0,0,0,0,0
Shawn Kelley,34,23,1,1,0,0,0,0,0,0,0,0,1,.000,.000,.000,.000
Carson Kelly,23,12,29,25,0,2,0,0,0,2,0,1,6,.080,.148,.080,.228
Joe Kelly,30,3,0,0,0,0,0,0,0,0,0,0,0,0,0,0,0
Matt Kemp,33,82,285,264,39,84,18,0,15,55,0,16,66,.318,.354,.557,.911
Tony Kemp,26,38,122,103,13,31,6,0,2,14,3,13,12,.301,.381,.417,.799
Howie Kendrick,34,40,160,152,17,46,14,0,4,12,1,5,29,.303,.331,.474,.805
Ian Kennedy,33,1,2,2,0,1,0,0,0,0,0,0,0,.500,.500,.500,1.000
Max Kepler,25,81,319,283,32,62,18,2,8,29,3,35,51,.219,.304,.382,.686
Clayton Kershaw,30,12,22,19,0,3,0,0,0,0,0,1,7,.158,.200,.158,.358
Spencer Kieboom,27,17,47,42,2,9,2,0,0,3,0,5,10,.214,.298,.262,.560
Kevin Kiermaier,28,26,111,98,13,14,1,2,1,5,5,11,36,.143,.243,.224,.468
Craig Kimbrel,30,3,0,0,0,0,0,0,0,0,0,0,0,0,0,0,0
Isiah Kiner-Falefa,23,61,246,216,30,54,12,2,2,23,6,20,42,.250,.324,.352,.676
Scott Kingery,24,80,294,272,31,61,16,1,4,24,7,17,72,.224,.272,.335,.607
Nick Kingham,26,7,13,11,0,0,0,0,0,0,0,1,3,.000,.154,.000,.154
Ian Kinsler,36,72,314,287,34,61,15,0,11,22,7,23,30,.213,.274,.380,.654
Brandon Kintzler,33,34,0,0,0,0,0,0,0,0,0,0,0,0,0,0,0
Jason Kipnis,31,79,339,302,35,65,17,0,7,34,2,32,67,.215,.296,.341,.637
Corey Kluber,32,2,3,3,0,0,0,0,0,0,0,0,2,.000,.000,.000,.000
Andrew Knapp,26,41,122,108,12,24,3,2,3,11,1,13,42,.222,.303,.370,.674
Corey Knebel,26,21,0,0,0,0,0,0,0,0,0,0,0,0,0,0,0
Matt Koch,27,12,20,15,1,1,0,0,0,0,0,3,10,.067,.222,.067,.289
George Kontos,33,20,0,0,0,0,0,0,0,0,0,0,0,0,0,0,0
George Kontos,33,18,0,0,0,0,0,0,0,0,0,0,0,0,0,0,0
George Kontos,33,2,0,0,0,0,0,0,0,0,0,0,0,0,0,0,0
Pete Kozma,30,15,41,40,4,7,2,0,1,6,0,1,7,.175,.195,.300,.495
Erik Kratz,38,15,52,48,7,12,1,0,3,5,0,1,12,.250,.308,.458,.766
Joey Krehbiel,25,2,0,0,0,0,0,0,0,0,0,0,0,0,0,0,0
Chad Kuhl,25,17,27,21,2,3,0,0,0,1,0,0,5,.143,.143,.143,.286
Tommy La Stella,29,70,111,100,12,28,4,0,0,14,0,9,16,.280,.339,.320,.659
Juan Lagares,29,30,64,59,9,20,1,1,0,6,3,3,9,.339,.375,.390,.765
Ryan LaMarre,29,43,109,99,7,26,5,0,0,8,1,8,33,.263,.321,.313,.634
Jake Lamb,27,43,186,160,26,40,7,0,6,27,1,22,44,.250,.339,.406,.745
Eric Lauer,23,13,21,16,1,2,1,0,0,1,0,1,8,.125,.167,.188,.354
Derek Law,27,4,1,1,1,1,0,0,0,0,0,0,0,1.000,1.000,1.000,2.000
Wade LeBlanc,33,1,0,0,0,0,0,0,0,0,0,0,0,0,0,0,0
Jose Leclerc,24,1,0,0,0,0,0,0,0,0,0,0,0,0,0,0,0
Braxton Lee,24,8,18,17,0,3,0,0,0,2,0,1,8,.176,.222,.176,.399
Mark Leiter,27,5,2,2,0,0,0,0,0,0,0,0,1,.000,.000,.000,.000
DJ LeMahieu,29,63,290,265,46,74,18,0,8,31,4,21,43,.279,.329,.438,.766
Sandy Leon,29,38,127,117,16,29,6,0,4,16,1,6,34,.248,.294,.402,.695
Dominic Leone,26,16,0,0,0,0,0,0,0,0,0,0,0,0,0,0,0
Jon Lester,34,18,41,36,2,5,0,0,1,7,0,0,12,.139,.139,.222,.361
Artie Lewicki,26,2,0,0,0,0,0,0,0,0,0,0,0,0,0,0,0
Adam Liberatore,31,17,1,1,1,0,0,0,0,0,0,0,0,.000,.000,.000,.000
Tzu-Wei Lin,24,16,41,37,3,6,2,0,0,1,0,4,10,.162,.244,.216,.460
Francisco Lindor,24,84,396,347,75,103,27,0,23,55,11,39,69,.297,.374,.573,.948
Francisco Liriano,34,1,2,1,0,0,0,0,0,0,0,0,0,.000,.000,.000,.000
Zack Littell,22,1,0,0,0,0,0,0,0,0,0,0,0,0,0,0,0
Ben Lively,26,5,7,7,0,0,0,0,0,0,0,0,2,.000,.000,.000,.000
Jonathan Loaisiga,23,1,2,2,0,0,0,0,0,0,0,0,2,.000,.000,.000,.000
Jose Lobaton,33,19,53,46,3,7,2,1,0,3,0,7,14,.152,.264,.239,.503
Tim Locastro,25,8,14,11,1,2,1,0,0,0,1,2,5,.182,.357,.273,.630
Walker Lockett,24,1,1,1,0,0,0,0,0,0,0,0,1,.000,.000,.000,.000
Boone Logan,33,12,0,0,0,0,0,0,0,0,0,0,0,0,0,0,0
Evan Longoria,32,67,270,256,28,63,16,1,10,34,1,10,57,.246,.278,.434,.711
Jorge Lopez,25,7,1,1,1,1,1,0,0,2,0,0,0,1.000,1.000,2.000,3.000
Pablo Lopez,22,2,2,2,0,0,0,0,0,0,0,0,1,.000,.000,.000,.000
Rafael Lopez,30,34,114,100,11,18,2,0,3,13,1,12,41,.180,.263,.290,.553
Reynaldo Lopez,24,1,1,1,0,0,0,0,0,0,0,0,1,.000,.000,.000,.000
Michael Lorenzen,26,22,8,7,3,4,0,0,3,6,0,1,2,.571,.625,1.857,2.482
Aaron Loup,30,2,0,0,0,0,0,0,0,0,0,0,0,0,0,0,0
Jed Lowrie,34,85,370,333,38,97,25,1,14,59,0,34,73,.291,.357,.498,.855
Josh Lucas,27,1,0,0,0,0,0,0,0,0,0,0,0,0,0,0,0
Joey Lucchesi,25,11,17,14,0,0,0,0,0,0,0,3,9,.000,.176,.000,.176
Jonathan Lucroy,32,66,249,228,22,59,13,1,1,24,0,17,38,.259,.315,.338,.652
Seth Lugo,28,27,12,11,1,1,0,0,0,0,0,1,8,.091,.167,.091,.258
Jordan Lyles,27,22,17,13,2,0,0,0,0,1,0,2,7,.000,.133,.000,.133
Lance Lynn,31,2,2,2,0,0,0,0,0,0,0,0,0,.000,.000,.000,.000
Tyler Lyons,30,22,0,0,0,0,0,0,0,0,0,0,0,0,0,0,0
Dixon Machado,26,67,233,214,20,44,13,1,1,21,1,14,41,.206,.263,.290,.553
Manny Machado,25,84,366,325,42,100,17,1,21,59,7,38,50,.308,.377,.560,.937
Ryan Madson,37,31,0,0,0,0,0,0,0,0,0,0,0,0,0,0,0
Kenta Maeda,30,16,27,21,0,2,0,0,0,0,0,0,7,.095,.095,.095,.190
Matt Magill,28,3,1,1,0,0,0,0,0,0,0,0,1,.000,.000,.000,.000
Tyler Mahle,23,16,29,25,0,3,1,0,0,0,0,1,7,.120,.154,.160,.314
Mikie Mahtook,28,24,88,81,5,17,3,1,0,4,2,5,23,.210,.250,.272,.522
Luke Maile,27,42,144,124,18,29,7,1,3,20,1,17,47,.234,.326,.379,.705
Kazuhisa Makita,33,19,0,0,0,0,0,0,0,0,0,0,0,0,0,0,0
Martin Maldonado,31,66,247,226,22,54,13,0,5,32,0,11,61,.239,.297,.363,.660
Sean Manaea,26,1,1,1,0,0,0,0,0,0,0,0,0,.000,.000,.000,.000
Trey Mancini,26,81,337,304,37,69,12,0,11,24,0,29,85,.227,.297,.375,.672
Dillon Maples,26,2,0,0,0,0,0,0,0,0,0,0,0,0,0,0,0
Manuel Margot,23,71,270,246,24,58,16,3,3,24,6,20,46,.236,.297,.362,.659
Jake Marisnick,27,66,159,149,23,28,5,0,7,19,2,7,67,.188,.234,.362,.597
Mike Marjama,28,10,29,27,1,3,3,0,0,0,0,2,6,.111,.172,.222,.395
Nick Markakis,34,85,380,335,52,108,27,0,10,58,1,39,38,.322,.389,.493,.882
German Marquez,23,17,31,30,1,9,0,0,0,2,0,0,5,.300,.300,.300,.600
Deven Marrero,27,49,85,78,11,13,1,1,0,7,3,6,23,.167,.224,.205,.429
Evan Marshall,28,1,0,0,0,0,0,0,0,0,0,0,0,0,0,0,0
Jefry Marte,27,39,90,84,11,22,4,1,3,10,0,6,17,.262,.311,.440,.752
Ketel Marte,24,82,319,296,38,71,14,8,6,31,2,21,40,.240,.292,.402,.694
Starling Marte,29,74,304,279,44,74,14,4,9,36,18,21,65,.265,.316,.441,.757
Leonys Martin,30,71,306,276,44,71,15,3,9,29,7,27,67,.257,.327,.431,.758
Russell Martin,35,57,228,185,21,33,4,0,6,16,0,39,54,.178,.333,.297,.631
Carlos Martinez,26,15,29,26,1,6,1,0,1,3,0,0,9,.231,.222,.385,.607
J.D. Martinez,30,83,357,318,60,104,20,1,26,71,2,34,83,.327,.392,.642,1.034
Jose Martinez,29,79,328,293,35,86,17,0,13,52,0,30,49,.294,.360,.485,.844
Victor Martinez,39,78,295,270,15,65,10,0,4,27,0,21,30,.241,.295,.322,.617
Nick Martini,28,5,10,10,0,1,0,0,0,1,0,0,0,.100,.100,.100,.200
Jeff Mathis,35,32,107,92,6,16,2,1,0,8,0,13,33,.174,.271,.217,.488
Phil Maton,25,16,0,0,0,0,0,0,0,0,0,0,0,0,0,0,0
Steven Matz,27,16,31,27,0,3,1,0,0,1,0,1,9,.111,.143,.148,.291
Joe Mauer,35,55,234,201,24,52,13,0,2,21,0,29,30,.259,.356,.353,.709
Bruce Maxwell,27,18,58,55,5,10,4,0,1,6,0,2,13,.182,.207,.309,.516
Cameron Maybin,31,80,219,197,14,45,11,1,1,16,3,19,44,.228,.297,.310,.606
Mike Mayers,26,24,2,1,0,0,0,0,0,0,0,1,1,.000,.500,.000,.500
Nomar Mazara,23,82,352,321,45,88,15,1,15,55,1,26,77,.274,.332,.467,.800
Cory Mazzoni,28,7,0,0,0,0,0,0,0,0,0,0,0,0,0,0,0
Zach McAllister,30,2,0,0,0,0,0,0,0,0,0,0,0,0,0,0,0
Brian McCann,34,50,173,155,17,32,3,0,5,17,0,13,34,.206,.283,.323,.606
James McCann,28,65,256,238,18,53,9,0,4,23,0,15,54,.223,.270,.311,.580
Brandon McCarthy,34,15,31,29,1,3,2,0,0,2,0,0,19,.103,.103,.172,.276
Kevin McCarthy,26,2,0,0,0,0,0,0,0,0,0,0,0,0,0,0,0
Andrew McCutchen,31,84,364,317,47,82,22,2,9,37,6,39,85,.259,.343,.426,.769
T.J. McFarland,29,29,6,6,0,0,0,0,0,0,0,0,5,.000,.000,.000,.000
Jake McGee,31,34,0,0,0,0,0,0,0,0,0,0,0,0,0,0,0
Kyle McGrath,25,4,1,1,0,0,0,0,0,0,0,0,0,.000,.000,.000,.000
Deck McGuire,29,1,1,1,0,1,0,0,0,0,0,0,0,1.000,1.000,1.000,2.000
Deck McGuire,29,1,1,1,0,1,0,0,0,0,0,0,0,1.000,1.000,1.000,2.000
Collin McHugh,31,1,0,0,0,0,0,0,0,0,0,0,0,0,0,0,0
Billy McKinney,23,2,4,4,0,1,0,0,0,0,0,0,1,.250,.250,.250,.500
Ryan McMahon,23,47,106,95,7,20,4,1,2,9,0,10,35,.211,.283,.337,.620
Austin Meadows,23,39,149,139,15,41,8,2,5,13,4,7,29,.295,.329,.489,.818
Kris Medlen,32,1,1,1,0,0,0,0,0,0,0,0,1,.000,.000,.000,.000
Ryan Meisinger,24,1,0,0,0,0,0,0,0,0,0,0,0,0,0,0,0
Adalberto Mejia,25,1,1,1,0,0,0,0,0,0,0,0,1,.000,.000,.000,.000
Mark Melancon,33,12,0,0,0,0,0,0,0,0,0,0,0,0,0,0,0
Daniel Mengden,25,1,3,3,1,1,0,0,0,1,0,0,1,.333,.333,.333,.667
Jordy Mercer,31,77,295,267,28,67,19,2,5,26,0,21,61,.251,.312,.393,.705
Whit Merrifield,29,82,361,319,34,92,24,0,5,27,16,31,59,.288,.358,.411,.769
Devin Mesoraco,30,54,170,151,18,34,6,0,8,21,0,15,31,.225,.312,.424,.736
Devin Mesoraco,30,18,45,41,1,9,2,0,1,3,0,2,10,.220,.289,.341,.630
Devin Mesoraco,30,36,125,110,17,25,4,0,7,18,0,13,21,.227,.320,.455,.775
Ben Meyer,25,4,1,1,0,0,0,0,0,0,0,0,0,.000,.000,.000,.000
Miles Mikolas,29,17,38,33,1,2,0,0,1,2,0,2,21,.061,.114,.152,.266
Wade Miley,31,2,2,2,0,1,0,0,0,0,0,0,0,.500,.500,.500,1.000
Andrew Miller,33,2,1,1,0,0,0,0,0,0,0,0,1,.000,.000,.000,.000
Brad Miller,28,59,213,191,21,52,13,1,7,28,0,20,64,.272,.338,.461,.799
Brad Miller,28,48,174,156,16,40,10,1,5,21,0,16,51,.256,.322,.429,.751
Brad Miller,28,11,39,35,5,12,3,0,2,7,0,4,13,.343,.410,.600,1.010
Justin Miller,31,12,0,0,0,0,0,0,0,0,0,0,0,0,0,0,0
Shelby Miller,27,2,3,2,0,0,0,0,0,1,0,0,1,.000,.000,.000,.000
Hoby Milner,27,9,0,0,0,0,0,0,0,0,0,0,0,0,0,0,0
Juan Minaya,27,2,0,0,0,0,0,0,0,0,0,0,0,0,0,0,0
A.J. Minter,24,34,0,0,0,0,0,0,0,0,0,0,0,0,0,0,0
Bryan Mitchell,27,11,12,12,0,2,0,0,0,0,0,0,5,.167,.167,.167,.333
Yadier Molina,35,57,222,203,24,56,7,0,13,38,2,12,29,.276,.320,.502,.822
Yoan Moncada,23,78,346,314,39,72,18,4,11,40,9,29,122,.229,.296,.417,.713
Adalberto Mondesi,22,13,43,42,8,9,3,0,1,4,4,1,11,.214,.233,.357,.590
Frankie Montas,25,1,3,3,0,0,0,0,0,0,0,0,3,.000,.000,.000,.000
Miguel Montero,34,4,13,11,0,0,0,0,0,0,0,2,3,.000,.154,.000,.154
Mike Montgomery,28,25,17,15,1,1,0,0,0,0,0,1,10,.067,.125,.067,.192
Kendrys Morales,35,67,238,214,21,51,11,0,9,27,2,21,53,.238,.303,.416,.718
Colin Moran,25,77,266,233,28,61,12,0,8,33,0,26,43,.262,.338,.416,.755
Mitch Moreland,32,69,254,229,38,66,15,4,11,40,1,24,57,.288,.354,.533,.887
Adam Morgan,28,33,0,0,0,0,0,0,0,0,0,0,0,0,0,0,0
Max Moroff,25,19,46,43,4,9,1,0,2,6,0,2,22,.209,.261,.372,.633
Reyes Moronta,25,36,1,1,0,0,0,0,0,0,0,0,1,.000,.000,.000,.000
Akeel Morris,25,1,0,0,0,0,0,0,0,0,0,0,0,0,0,0,0
Logan Morrison,30,75,279,243,30,46,12,0,9,29,1,30,58,.189,.290,.350,.640
Brandon Morrow,33,30,1,1,0,0,0,0,0,0,0,0,1,.000,.000,.000,.000
Charlie Morton,34,1,2,2,0,1,0,0,0,0,0,0,1,.500,.500,.500,1.000
Taylor Motter,28,14,33,29,2,4,0,0,1,2,0,4,8,.138,.242,.241,.484
Taylor Motter,28,7,17,15,2,4,0,0,1,1,0,2,5,.267,.353,.467,.820
Taylor Motter,28,7,16,14,0,0,0,0,0,1,0,2,3,.000,.125,.000,.125
Mike Moustakas,29,82,349,318,38,82,18,1,16,53,3,25,52,.258,.312,.472,.784
Gabriel Moya,23,1,0,0,0,0,0,0,0,0,0,0,0,0,0,0,0
Peter Moylan,39,33,0,0,0,0,0,0,0,0,0,0,0,0,0,0,0
Max Muncy,27,64,236,189,39,53,8,0,20,38,2,45,53,.280,.419,.640,1.060
Yairo Munoz,23,50,150,139,13,39,5,0,4,19,3,9,39,.281,.327,.403,.730
Daniel Murphy,33,19,68,65,3,13,2,0,1,7,0,3,7,.200,.235,.277,.512
John Ryan Murphy,27,54,153,141,19,35,7,0,9,23,0,9,43,.248,.296,.489,.785
Tom Murphy,27,15,49,48,2,15,6,0,0,7,0,1,20,.313,.327,.438,.764
Harrison Musgrave,26,16,1,1,0,0,0,0,0,0,0,0,0,.000,.000,.000,.000
Joe Musgrove,25,7,13,11,1,3,0,0,0,0,0,0,3,.273,.273,.273,.545
Wil Myers,27,22,88,82,10,22,6,0,2,9,2,6,21,.268,.318,.415,.733
Tyler Naquin,27,46,129,121,14,33,5,0,2,16,0,5,32,.273,.310,.364,.674
Omar Narvaez,26,47,147,130,8,33,9,0,1,10,0,15,28,.254,.331,.346,.677
Efren Navarro,32,4,6,6,0,1,0,0,0,0,0,0,4,.167,.167,.167,.333
Zach Neal,29,1,0,0,0,0,0,0,0,0,0,0,0,0,0,0,0
Kristopher Negron,32,2,3,3,0,1,0,0,0,1,0,0,0,.333,.333,.333,.667
Hector Neris,29,31,1,1,0,0,0,0,0,0,0,0,1,.000,.000,.000,.000
Pat Neshek,37,1,0,0,0,0,0,0,0,0,0,0,0,0,0,0,0
Dovydas Neverauskas,25,10,0,0,0,0,0,0,0,0,0,0,0,0,0,0,0
Sean Newcomb,25,14,32,27,3,2,1,0,0,1,0,1,19,.074,.107,.111,.218
Gift Ngoepe,28,13,19,18,2,1,0,0,0,0,0,1,12,.056,.105,.056,.161
Juan Nicasio,31,1,0,0,0,0,0,0,0,0,0,0,0,0,0,0,0
Tomas Nido,24,21,48,44,4,7,1,0,0,3,0,3,16,.159,.208,.182,.390
Brandon Nimmo,25,74,267,223,42,59,10,6,12,26,7,32,76,.265,.386,.525,.910
Aaron Nola,25,18,40,34,0,2,0,0,0,1,0,1,19,.059,.086,.059,.145
Bud Norris,33,36,0,0,0,0,0,0,0,0,0,0,0,0,0,0,0
Daniel Norris,25,1,0,0,0,0,0,0,0,0,0,0,0,0,0,0,0
Jacob Nottingham,23,3,7,5,1,0,0,0,0,0,0,2,1,.000,.286,.000,.286
Ivan Nova,31,14,32,31,0,0,0,0,0,0,0,0,17,.000,.000,.000,.000
Eduardo Nunez,31,73,292,276,34,71,14,0,6,22,4,11,51,.257,.289,.373,.662
Renato Nunez,24,13,41,36,2,6,1,0,1,2,0,3,12,.167,.244,.278,.522
Vidal Nuno,30,1,2,2,0,2,0,0,0,1,0,0,0,1.000,1.000,1.000,2.000
Darren O'Day,35,2,0,0,0,0,0,0,0,0,0,0,0,0,0,0,0
Chris O'Grady,28,7,0,0,0,0,0,0,0,0,0,0,0,0,0,0,0
Tyler O'Neill,23,19,47,44,8,10,1,0,3,7,0,1,20,.227,.255,.455,.710
Scott Oberg,28,19,0,0,0,0,0,0,0,0,0,0,0,0,0,0,0
Rougned Odor,24,57,226,199,28,47,10,1,4,22,5,18,55,.236,.313,.357,.669
Jake Odorizzi,28,4,8,6,0,0,0,0,0,0,0,0,2,.000,.000,.000,.000
Seunghwan Oh,35,2,0,0,0,0,0,0,0,0,0,0,0,0,0,0,0
Shohei Ohtani,23,36,138,122,19,35,9,1,6,20,1,15,36,.287,.365,.525,.890
Matt Olson,24,87,355,313,46,74,14,0,18,44,2,34,90,.236,.324,.454,.778
Tyler Olson,28,1,0,0,0,0,0,0,0,0,0,0,0,0,0,0,0
Nate Orf,28,3,10,8,2,1,0,0,1,1,1,1,2,.125,.300,.500,.800
Paulo Orlando,32,22,82,79,5,14,3,0,0,5,0,3,23,.177,.207,.215,.423
Josh Osich,29,10,0,0,0,0,0,0,0,0,0,0,0,0,0,0,0
Jose Osuna,25,23,47,46,3,9,2,0,2,7,0,1,9,.196,.213,.370,.582
Corey Oswalt,24,2,2,2,0,0,0,0,0,0,0,0,2,.000,.000,.000,.000
Dan Otero,33,2,0,0,0,0,0,0,0,0,0,0,0,0,0,0,0
Adam Ottavino,32,34,0,0,0,0,0,0,0,0,0,0,0,0,0,0,0
Chris Owings,26,72,232,210,25,41,11,0,3,18,6,18,60,.195,.263,.290,.553
Marcell Ozuna,27,81,339,315,33,87,8,1,10,44,2,20,68,.276,.320,.403,.723
Emilio Pagan,27,2,0,0,0,0,0,0,0,0,0,0,0,0,0,0,0
Daniel Palka,26,56,200,187,23,44,8,3,10,28,2,13,64,.235,.285,.471,.756
Joe Panik,27,52,219,195,25,47,7,1,4,14,1,18,13,.241,.312,.349,.661
Edward Paredes,31,13,0,0,0,0,0,0,0,0,0,0,0,0,0,0,0
Blake Parker,33,1,0,0,0,0,0,0,0,0,0,0,0,0,0,0,0
Gerardo Parra,31,77,265,246,33,75,14,0,5,38,6,14,44,.305,.345,.423,.767
James Pazos,27,1,0,0,0,0,0,0,0,0,0,0,0,0,0,0,0
Brad Peacock,30,1,0,0,0,0,0,0,0,0,0,0,0,0,0,0,0
Steve Pearce,35,31,99,92,17,27,8,0,4,17,0,7,16,.293,.343,.511,.854
Steve Pearce,35,26,86,79,16,23,6,0,4,16,0,7,14,.291,.349,.519,.868
Steve Pearce,35,5,13,13,1,4,2,0,0,1,0,0,2,.308,.308,.462,.769
Joc Pederson,26,79,236,207,34,54,15,3,13,34,1,25,34,.261,.343,.551,.894
Dustin Pedroia,34,3,13,11,1,1,0,0,0,0,0,2,1,.091,.231,.091,.322
Francisco Pena,28,35,96,91,8,19,2,0,2,6,0,3,27,.209,.240,.297,.536
Hunter Pence,35,39,111,102,6,21,4,0,0,11,2,8,33,.206,.261,.245,.506
Cliff Pennington,34,16,34,29,1,4,0,0,0,0,0,5,13,.138,.265,.138,.403
David Peralta,30,80,345,313,38,89,16,4,15,46,2,28,74,.284,.348,.505,.853
Freddy Peralta,22,4,9,9,0,0,0,0,0,0,0,0,6,.000,.000,.000,.000
Wandy Peralta,26,35,3,1,0,0,0,0,0,0,0,0,1,.000,.000,.000,.000
Wily Peralta,29,1,0,0,0,0,0,0,0,0,0,0,0,0,0,0,0
Jose Peraza,24,84,362,331,49,91,14,3,5,29,14,20,38,.275,.322,.381,.703
Luis Perdomo,25,3,3,2,0,1,0,0,0,1,0,0,1,.500,.333,.500,.833
Carlos Perez,27,24,68,63,1,10,2,0,1,3,1,2,16,.159,.197,.238,.435
Carlos Perez,27,8,22,21,0,3,0,0,0,0,0,1,6,.143,.182,.143,.325
Carlos Perez,27,16,46,42,1,7,2,0,1,3,1,1,10,.167,.205,.286,.490
Hernan Perez,27,68,179,172,15,41,8,0,4,16,6,6,38,.238,.263,.355,.617
Oliver Perez,36,2,0,0,0,0,0,0,0,0,0,0,0,0,0,0,0
Roberto Perez,29,31,110,96,8,14,3,1,1,6,0,10,40,.146,.231,.229,.461
Salvador Perez,28,65,274,257,25,55,10,0,11,33,1,9,55,.214,.255,.381,.637
Dillon Peters,25,6,9,7,1,1,0,0,0,0,0,1,2,.143,.250,.143,.393
Dustin Peterson,23,2,2,2,0,0,0,0,0,0,0,0,1,.000,.000,.000,.000
Jace Peterson,28,48,146,124,9,24,8,1,2,17,8,19,37,.194,.308,.323,.631
Jace Peterson,28,3,11,10,0,3,0,0,0,0,0,1,3,.300,.364,.300,.664
Jace Peterson,28,45,135,114,9,21,8,1,2,17,8,18,34,.184,.304,.325,.628
Tim Peterson,27,9,1,1,0,0,0,0,0,0,0,0,0,.000,.000,.000,.000
Gregorio Petit,33,12,30,26,4,8,0,0,0,2,1,4,6,.308,.400,.308,.708
Yusmeiro Petit,33,1,0,0,0,0,0,0,0,0,0,0,0,0,0,0,0
Jake Petricka,30,1,0,0,0,0,0,0,0,0,0,0,0,0,0,0,0
Tommy Pham,30,79,324,287,57,72,9,0,13,32,9,35,80,.251,.333,.418,.751
Josh Phegley,30,11,32,29,5,7,3,0,2,7,0,2,10,.241,.281,.552,.833
Brett Phillips,24,9,14,14,0,2,0,0,0,0,0,0,9,.143,.143,.143,.286
Kevin Pillar,29,85,339,319,38,78,25,2,7,29,10,14,62,.245,.277,.401,.679
Manny Pina,31,58,211,191,25,43,9,1,6,16,0,15,39,.225,.294,.377,.671
Chad Pinder,26,59,194,177,26,44,8,1,8,18,0,14,53,.249,.314,.441,.755
Jose Pirela,28,87,345,319,43,83,18,2,2,25,4,22,64,.260,.310,.348,.658
Stephen Piscotty,27,78,300,269,36,69,22,0,7,36,0,23,58,.257,.323,.416,.740
Nick Pivetta,25,17,26,24,3,4,1,0,0,1,0,1,12,.167,.200,.208,.408
Kevin Plawecki,27,28,104,86,13,20,9,1,1,9,0,15,24,.233,.365,.395,.761
Adam Plutko,26,1,2,0,0,0,0,0,0,0,0,0,0,0,0,0,0
Gregory Polanco,26,77,310,260,41,60,20,2,12,43,3,41,72,.231,.338,.462,.799
Jorge Polanco,24,3,12,11,0,3,1,0,0,1,1,1,2,.273,.333,.364,.697
A.J. Pollock,30,43,175,156,24,44,10,3,11,33,9,14,39,.282,.349,.596,.945
Dalton Pompey,25,5,11,10,0,2,0,0,0,0,0,1,6,.200,.273,.200,.473
Rick Porcello,29,1,3,3,0,1,1,0,0,3,0,0,2,.333,.333,.667,1.000
Buster Posey,31,71,300,263,36,76,18,1,5,27,3,32,34,.289,.370,.422,.792
Brooks Pounders,27,14,0,0,0,0,0,0,0,0,0,0,0,0,0,0,0
Boog Powell,25,7,25,24,3,4,1,1,0,0,1,1,6,.167,.200,.292,.492
Bobby Poyner,25,1,0,0,0,0,0,0,0,0,0,0,0,0,0,0,0
Martin Prado,34,24,99,93,8,18,3,0,0,3,0,6,15,.194,.242,.226,.468
Ryan Pressly,29,4,0,0,0,0,0,0,0,0,0,0,0,0,0,0,0
Jurickson Profar,25,78,321,283,45,69,22,4,8,45,7,26,45,.244,.327,.435,.762
Austin Pruitt,28,1,0,0,0,0,0,0,0,0,0,0,0,0,0,0,0
Yasiel Puig,27,73,268,244,35,64,17,0,9,31,7,23,50,.262,.325,.443,.767
Albert Pujols,38,79,340,321,32,80,14,0,12,46,0,16,47,.249,.288,.405,.693
Kevin Quackenbush,29,10,0,0,0,0,0,0,0,0,0,0,0,0,0,0,0
Jose Quintana,29,17,35,31,0,0,0,0,0,0,0,0,15,.000,.000,.000,.000
Tanner Rainey,25,6,0,0,0,0,0,0,0,0,0,0,0,0,0,0,0
Hanley Ramirez,34,44,195,177,25,45,7,0,6,29,4,14,35,.254,.313,.395,.708
Jose Ramirez,25,84,377,320,58,94,24,1,24,56,17,53,43,.294,.398,.600,.998
Jose Ramirez,28,7,0,0,0,0,0,0,0,0,0,0,0,0,0,0,0
Neil Ramirez,29,1,1,1,0,0,0,0,0,0,0,0,1,.000,.000,.000,.000
Noe Ramirez,28,1,0,0,0,0,0,0,0,0,0,0,0,0,0,0,0
Yefry Ramirez,24,1,2,2,0,0,0,0,0,0,0,0,1,.000,.000,.000,.000
AJ Ramos,31,28,0,0,0,0,0,0,0,0,0,0,0,0,0,0,0
Edubray Ramos,25,30,0,0,0,0,0,0,0,0,0,0,0,0,0,0,0
Wilson Ramos,30,71,285,265,26,77,11,0,12,45,0,20,56,.291,.340,.468,.808
Colby Rasmus,31,18,49,45,5,6,1,0,1,1,0,3,19,.133,.204,.222,.426
Josh Ravin,30,2,0,0,0,0,0,0,0,0,0,0,0,0,0,0,0
Robbie Ray,26,8,15,12,0,0,0,0,0,1,0,0,5,.000,.000,.000,.000
J.T. Realmuto,27,62,272,248,40,76,20,3,11,38,1,16,53,.306,.359,.544,.904
Josh Reddick,31,65,238,210,36,57,9,0,8,25,4,25,37,.271,.346,.429,.775
Addison Reed,29,5,0,0,0,0,0,0,0,0,0,0,0,0,0,0,0
AJ Reed,25,1,3,3,0,0,0,0,0,0,0,0,1,.000,.000,.000,.000
Cody Reed,25,4,2,2,0,0,0,0,0,0,0,0,2,.000,.000,.000,.000
Rob Refsnyder,27,40,103,84,10,14,3,0,2,5,0,18,26,.167,.314,.274,.588
Anthony Rendon,28,65,284,253,35,73,24,0,12,37,0,27,46,.289,.352,.526,.878
Hunter Renfroe,26,48,165,147,23,37,14,1,5,22,1,15,42,.252,.327,.463,.790
Alex Reyes,23,1,1,1,0,0,0,0,0,0,0,0,1,.000,.000,.000,.000
Franmil Reyes,22,29,96,92,12,21,3,0,6,8,0,4,39,.228,.260,.457,.717
Jose Reyes,35,60,121,110,13,19,4,0,1,4,4,11,16,.173,.248,.236,.484
Victor Reyes,23,44,71,71,16,15,2,2,0,6,5,0,16,.211,.211,.296,.507
Mark Reynolds,34,34,113,100,13,25,1,0,7,13,0,11,32,.250,.319,.470,.789
Matt Reynolds,27,10,13,12,1,1,0,0,0,1,0,1,4,.083,.154,.083,.237
Jacob Rhame,25,13,0,0,0,0,0,0,0,0,0,0,0,0,0,0,0
Clayton Richard,34,17,36,30,2,3,1,0,1,3,0,1,17,.100,.129,.233,.362
Trevor Richards,25,10,16,15,0,2,0,0,0,2,0,1,9,.133,.188,.133,.321
Joey Rickard,27,30,88,80,10,16,1,0,5,8,0,7,20,.200,.273,.400,.673
JT Riddle,26,37,128,120,13,31,5,2,5,17,0,5,30,.258,.288,.458,.746
Yacksel Rios,25,23,1,1,0,0,0,0,0,0,0,0,1,.000,.000,.000,.000
Rene Rivera,34,22,59,54,7,14,3,0,3,10,0,4,21,.259,.322,.481,.804
Yadiel Rivera,26,71,109,91,9,17,2,0,0,6,1,17,34,.187,.312,.209,.521
Anthony Rizzo,28,75,332,282,36,70,12,0,12,58,3,34,40,.248,.346,.418,.765
Tanner Roark,31,16,34,31,1,5,0,0,0,4,0,0,9,.161,.188,.161,.349
Daniel Robertson,24,65,257,212,34,56,12,0,7,22,1,39,61,.264,.389,.420,.809
David Robertson,33,4,0,0,0,0,0,0,0,0,0,0,0,0,0,0,0
Drew Robinson,26,26,89,80,10,14,2,0,1,5,1,9,45,.175,.258,.238,.496
Shane Robinson,33,2,5,3,0,1,0,0,0,0,1,2,1,.333,.600,.333,.933
Hansel Robles,27,16,1,1,0,0,0,0,0,0,0,0,1,.000,.000,.000,.000
Hansel Robles,27,16,1,1,0,0,0,0,0,0,0,0,1,.000,.000,.000,.000
Fernando Rodney,41,2,0,0,0,0,0,0,0,0,0,0,0,0,0,0,0
Dereck Rodriguez,26,7,13,12,0,1,1,0,0,1,0,0,8,.083,.083,.167,.250
Eduardo Rodriguez,25,1,2,2,0,0,0,0,0,0,0,0,1,.000,.000,.000,.000
Jefry Rodriguez,24,3,5,4,0,0,0,0,0,0,0,0,1,.000,.000,.000,.000
Richard Rodriguez,28,27,2,2,0,0,0,0,0,0,0,0,2,.000,.000,.000,.000
Ronny Rodriguez,26,11,26,24,3,2,0,0,0,1,0,1,8,.083,.115,.083,.199
Sean Rodriguez,33,53,137,117,14,17,4,1,3,13,1,19,46,.145,.270,.274,.544
Chaz Roe,31,2,0,0,0,0,0,0,0,0,0,0,0,0,0,0,0
Taylor Rogers,27,5,0,0,0,0,0,0,0,0,0,0,0,0,0,0,0
Miguel Rojas,29,85,318,287,24,73,9,0,7,31,5,19,43,.254,.313,.359,.672
Sal Romano,24,16,31,27,0,1,1,0,0,1,0,0,18,.037,.037,.074,.111
Enny Romero,27,4,1,1,1,1,1,0,0,0,0,0,0,1.000,1.000,2.000,3.000
Enny Romero,27,2,0,0,0,0,0,0,0,0,0,0,0,0,0,0,0
Enny Romero,27,2,1,1,1,1,1,0,0,0,0,0,0,1.000,1.000,2.000,3.000
Fernando Romero,23,1,3,3,0,0,0,0,0,0,0,0,3,.000,.000,.000,.000
Andrew Romine,32,42,83,74,9,15,1,0,0,0,1,4,25,.203,.253,.216,.469
Austin Romine,29,33,107,96,13,26,7,0,4,20,0,10,20,.271,.336,.469,.805
Sergio Romo,35,3,1,1,0,0,0,0,0,0,0,0,1,.000,.000,.000,.000
Bruce Rondon,27,5,0,0,0,0,0,0,0,0,0,0,0,0,0,0,0
Hector Rondon,30,3,0,0,0,0,0,0,0,0,0,0,0,0,0,0,0
Jose Rondon,24,22,52,49,8,12,3,0,3,6,2,3,16,.245,.288,.490,.778
Amed Rosario,22,79,272,253,29,61,13,2,4,21,4,14,59,.241,.285,.356,.641
Eddie Rosario,26,82,350,328,57,101,23,2,18,52,6,21,60,.308,.350,.555,.904
Randy Rosario,24,17,1,0,1,0,0,0,0,0,0,1,0,0,1.000,0,0
Tyson Ross,31,17,32,28,0,4,0,0,0,2,1,1,11,.143,.167,.143,.310
Ryan Rua,28,43,109,102,13,19,2,1,4,7,3,5,33,.186,.222,.343,.565
Drew Rucinski,29,11,4,4,0,0,0,0,0,0,0,0,3,.000,.000,.000,.000
Chris Rusin,31,28,3,3,0,1,0,0,0,0,0,0,1,.333,.333,.333,.667
Addison Russell,24,76,288,255,39,72,14,1,5,27,4,28,58,.282,.355,.404,.759
Hyun-Jin Ryu,31,7,13,11,0,2,1,0,0,2,0,1,8,.182,.250,.273,.523
Tyler Saladino,28,22,48,45,8,14,3,0,3,8,0,2,13,.311,.340,.578,.918
Tyler Saladino,28,6,9,8,2,2,1,0,0,0,0,0,3,.250,.250,.375,.625
Tyler Saladino,28,16,39,37,6,12,2,0,3,8,0,2,10,.324,.359,.622,.981
Fernando Salas,33,38,1,1,0,0,0,0,0,0,0,0,0,.000,.000,.000,.000
Chris Sale,29,1,2,2,0,0,0,0,0,0,0,0,2,.000,.000,.000,.000
Jeff Samardzija,33,6,9,9,0,1,0,0,0,0,0,0,6,.111,.111,.111,.222
Adrian Sanchez,27,15,23,23,2,4,1,0,0,1,0,0,4,.174,.174,.217,.391
Anibal Sanchez,34,8,13,11,0,0,0,0,0,0,0,1,5,.000,.083,.000,.083
Carlos Sanchez,26,82,344,319,31,82,16,9,5,39,9,17,63,.257,.302,.411,.713
Gary Sanchez,25,63,265,231,36,44,14,0,14,41,0,31,63,.190,.291,.433,.723
Pablo Sandoval,31,73,194,176,16,45,6,0,6,28,0,16,43,.256,.320,.392,.712
Miguel Sano,25,37,163,148,17,30,9,0,7,27,0,14,66,.203,.270,.405,.675
Carlos Santana,32,84,358,287,49,64,16,1,14,48,1,65,47,.223,.363,.432,.795
Danny Santana,27,11,26,23,2,4,2,0,0,2,1,2,8,.174,.269,.261,.530
Dennis Santana,22,2,2,2,0,1,1,0,0,2,0,0,1,.500,.500,1.000,1.500
Domingo Santana,25,62,211,189,15,47,11,0,3,17,1,18,69,.249,.313,.354,.667
Edgar Santana,26,36,0,0,0,0,0,0,0,0,0,0,0,0,0,0,0
Anthony Santander,23,33,108,101,8,20,5,1,1,6,1,6,21,.198,.250,.297,.547
Hector Santiago,30,5,4,4,0,0,0,0,0,0,0,0,2,.000,.000,.000,.000
Luis Sardinas,25,8,20,18,2,2,0,0,1,1,0,2,5,.111,.200,.278,.478
Warwick Saupold,28,3,1,1,0,0,0,0,0,0,0,0,1,.000,.000,.000,.000
Scott Schebler,27,68,270,239,40,66,15,0,11,33,2,22,53,.276,.352,.477,.829
Max Scherzer,33,17,40,38,3,9,1,0,0,4,1,1,7,.237,.275,.263,.538
Ryan Schimpf,30,5,7,5,2,1,0,0,1,2,0,2,3,.200,.429,.800,1.229
Jonathan Schoop,26,64,274,257,31,52,12,1,8,21,0,12,57,.202,.245,.350,.596
Kyle Schwarber,25,75,295,243,40,60,9,1,17,39,3,49,76,.247,.374,.502,.876
Tanner Scott,23,2,0,0,0,0,0,0,0,0,0,0,0,0,0,0,0
Troy Scribner,26,1,1,1,0,0,0,0,0,0,0,0,1,.000,.000,.000,.000
Corey Seager,24,26,115,101,13,27,5,1,2,13,0,11,17,.267,.348,.396,.744
Kyle Seager,30,86,360,335,40,80,22,0,16,53,1,20,79,.239,.289,.448,.737
Jean Segura,28,80,359,333,60,110,24,2,6,45,14,17,49,.330,.360,.468,.828
Marcus Semien,27,84,383,349,48,87,16,1,7,31,7,29,73,.249,.303,.361,.664
Antonio Senzatela,23,11,7,6,1,1,1,0,0,1,0,0,2,.167,.167,.333,.500
Luis Severino,24,2,5,5,0,0,0,0,0,0,0,0,4,.000,.000,.000,.000
Pedro Severino,24,59,196,174,12,30,9,0,1,12,1,17,44,.172,.260,.241,.502
Paul Sewald,28,26,6,5,0,0,0,0,0,0,0,0,2,.000,.000,.000,.000
Kevin Shackelford,29,4,1,1,0,0,0,0,0,0,0,0,1,.000,.000,.000,.000
Bryan Shaw,30,39,0,0,0,0,0,0,0,0,0,0,0,0,0,0,0
Travis Shaw,28,80,325,279,41,68,19,0,15,49,0,42,58,.244,.343,.473,.816
Jimmie Sherfy,26,4,0,0,0,0,0,0,0,0,0,0,0,0,0,0,0
Ryan Sherriff,28,5,0,0,0,0,0,0,0,0,0,0,0,0,0,0,0
James Shields,36,3,7,6,0,1,0,0,0,0,0,0,3,.167,.167,.167,.333
Braden Shipley,26,3,2,2,1,0,0,0,0,0,0,0,0,.000,.000,.000,.000
Chasen Shreve,27,3,0,0,0,0,0,0,0,0,0,0,0,0,0,0,0
JB Shuck,31,70,142,130,10,25,3,1,0,4,2,10,22,.192,.255,.231,.486
Moises Sierra,29,27,60,54,4,9,2,0,0,4,1,2,20,.167,.217,.204,.420
Andrelton Simmons,28,76,313,282,42,89,15,2,6,39,5,26,15,.316,.375,.447,.822
Lucas Sims,24,5,1,1,0,0,0,0,0,0,0,0,0,.000,.000,.000,.000
Chance Sisco,23,53,161,137,13,28,8,0,2,16,1,13,56,.204,.323,.307,.630
Matt Skole,28,4,13,11,2,3,0,0,1,1,0,2,3,.273,.385,.545,.930
Austin Slater,25,14,39,30,4,9,2,0,0,4,3,7,9,.300,.436,.367,.803
Burch Smith,28,1,0,0,0,0,0,0,0,0,0,0,0,0,0,0,0
Caleb Smith,26,15,26,22,0,3,0,0,0,1,0,0,13,.136,.136,.136,.273
Carson Smith,28,1,0,0,0,0,0,0,0,0,0,0,0,0,0,0,0
Dominic Smith,23,20,56,54,6,12,5,1,1,1,0,1,19,.222,.250,.407,.657
Drew Smith,24,3,0,0,0,0,0,0,0,0,0,0,0,0,0,0,0
Dwight Smith,25,15,34,30,5,9,4,0,1,4,0,3,4,.300,.382,.533,.916
Joe Smith,34,2,0,0,0,0,0,0,0,0,0,0,0,0,0,0,0
Kevan Smith,30,18,74,72,9,24,2,0,0,6,1,1,7,.333,.351,.361,.712
Mallex Smith,25,79,279,247,25,68,12,4,1,18,15,22,58,.275,.341,.368,.709
Will Smith,28,25,0,0,0,0,0,0,0,0,0,0,0,0,0,0,0
Justin Smoak,31,79,328,271,36,62,21,0,11,42,0,51,82,.229,.354,.428,.782
Josh Smoker,29,5,0,0,0,0,0,0,0,0,0,0,0,0,0,0,0
Jake Smolinski,29,19,41,39,2,5,1,1,0,2,1,1,10,.128,.171,.205,.376
D.J. Snelten,26,4,1,1,0,0,0,0,0,0,0,0,1,.000,.000,.000,.000
Brandon Snyder,31,2,6,6,0,1,1,0,0,0,0,0,2,.167,.167,.333,.500
Miguel Socolovich,31,4,0,0,0,0,0,0,0,0,0,0,0,0,0,0,0
Eric Sogard,32,55,113,97,7,13,3,0,0,2,3,12,23,.134,.241,.165,.406
Yangervis Solarte,30,83,358,328,41,82,18,0,16,48,1,26,51,.250,.307,.451,.758
Jorge Soler,26,61,257,223,27,59,18,0,9,28,3,28,69,.265,.354,.466,.820
Sammy Solis,29,38,0,0,0,0,0,0,0,0,0,0,0,0,0,0,0
Joakim Soria,34,3,0,0,0,0,0,0,0,0,0,0,0,0,0,0,0
Mike Soroka,20,4,8,8,0,1,0,0,0,0,0,0,1,.125,.125,.125,.250
Juan Soto,19,40,160,134,25,41,9,0,8,21,1,26,31,.306,.419,.552,.971
Steven Souza,29,14,47,43,1,7,1,0,0,1,1,4,13,.163,.234,.186,.420
Denard Span,34,72,276,238,40,62,13,1,7,39,6,34,46,.261,.351,.412,.763
Denard Span,34,43,173,143,27,34,7,1,4,28,6,28,24,.238,.364,.385,.749
Denard Span,34,29,103,95,13,28,6,0,3,11,0,6,22,.295,.330,.453,.783
Cory Spangenberg,27,62,182,172,22,41,4,2,6,17,5,6,54,.238,.272,.390,.662
George Springer,28,85,382,335,60,84,17,0,15,42,5,38,73,.251,.334,.436,.770
Jacob Stallings,28,3,5,5,1,1,0,0,0,0,0,0,0,.200,.200,.200,.400
Craig Stammen,34,34,0,0,0,0,0,0,0,0,0,0,0,0,0,0,0
Ryne Stanek,26,3,0,0,0,0,0,0,0,0,0,0,0,0,0,0,0
Giancarlo Stanton,28,83,367,326,51,87,16,1,21,51,2,31,115,.267,.338,.515,.853
Max Stassi,27,49,159,141,21,36,11,0,7,22,0,14,49,.255,.340,.482,.822
Drew Steckenrider,27,39,0,0,0,0,0,0,0,0,0,0,0,0,0,0,0
Jackson Stephens,24,14,2,1,0,0,0,0,0,0,0,1,1,.000,.500,.000,.500
Andrew Stevenson,24,25,55,47,7,12,2,0,0,8,0,4,12,.255,.315,.298,.613
Brock Stewart,26,9,2,2,0,0,0,0,0,0,0,0,2,.000,.000,.000,.000
Chris Stewart,36,5,16,14,3,3,0,0,0,3,0,1,1,.214,.250,.214,.464
Robert Stock,28,3,0,0,0,0,0,0,0,0,0,0,0,0,0,0,0
Trevor Story,25,87,370,333,44,93,23,5,16,60,10,30,94,.279,.343,.523,.866
Matt Strahm,26,14,4,4,0,0,0,0,0,0,0,0,2,.000,.000,.000,.000
Dan Straily,29,14,21,17,2,2,1,0,0,0,0,4,10,.118,.286,.176,.462
Stephen Strasburg,29,13,30,25,0,3,0,0,0,1,0,2,7,.120,.185,.120,.305
Chris Stratton,27,18,37,31,0,3,0,0,0,1,0,0,18,.097,.097,.097,.194
Hunter Strickland,29,33,0,0,0,0,0,0,0,0,0,0,0,0,0,0,0
Ross Stripling,28,26,26,22,0,2,0,0,0,1,1,0,6,.091,.091,.091,.182
Pedro Strop,33,34,1,1,0,0,0,0,0,0,0,0,0,.000,.000,.000,.000
Daniel Stumpf,27,3,0,0,0,0,0,0,0,0,0,0,0,0,0,0,0
Andrew Suarez,25,13,28,26,0,0,0,0,0,0,0,1,17,.000,.037,.000,.037
Eugenio Suarez,26,70,307,263,43,81,14,2,17,63,1,36,57,.308,.394,.570,.964
Jesus Sucre,30,32,90,81,4,19,2,0,0,7,1,6,10,.235,.284,.259,.543
Wander Suero,26,13,0,0,0,0,0,0,0,0,0,0,0,0,0,0,0
Andrew Susac,28,9,26,26,1,3,1,0,0,0,0,0,12,.115,.115,.154,.269
Brent Suter,28,17,29,23,4,5,1,0,1,3,0,4,5,.217,.357,.391,.748
Ichiro Suzuki,44,15,47,44,5,9,0,0,0,0,0,3,7,.205,.255,.205,.460
Kurt Suzuki,34,61,227,201,29,57,14,0,8,29,0,15,25,.284,.348,.473,.821
Dansby Swanson,24,70,294,272,29,67,17,3,7,32,3,18,74,.246,.296,.408,.704
Anthony Swarzak,32,13,0,0,0,0,0,0,0,0,0,0,0,0,0,0,0
Darnell Sweeney,27,1,0,0,0,0,0,0,0,0,0,0,0,0,0,0,0
Blake Swihart,26,39,86,79,6,13,2,0,0,3,2,7,25,.165,.233,.190,.422
Noah Syndergaard,25,11,24,22,0,2,2,0,0,2,0,0,14,.091,.087,.182,.269
Matt Szczur,28,57,84,75,11,14,3,0,1,6,3,8,24,.187,.265,.267,.532
Jameson Taillon,26,17,32,29,0,2,1,0,0,2,0,1,10,.069,.100,.103,.203
Masahiro Tanaka,29,2,4,4,1,0,0,0,0,0,0,0,1,.000,.000,.000,.000
Raimel Tapia,24,3,5,4,0,0,0,0,0,0,0,1,2,.000,.200,.000,.200
Mike Tauchman,27,21,37,32,5,3,1,0,0,0,1,4,15,.094,.194,.125,.319
Chris Taylor,27,84,349,307,51,81,19,8,10,37,3,33,90,.264,.347,.476,.822
Michael Taylor,27,83,288,264,32,64,18,2,5,24,23,22,83,.242,.301,.383,.683
Junichi Tazawa,32,21,0,0,0,0,0,0,0,0,0,0,0,0,0,0,0
Julio Teheran,27,14,27,21,0,3,0,0,0,1,0,0,3,.143,.136,.143,.279
Tomas Telis,27,23,31,29,2,6,1,0,0,1,0,2,8,.207,.258,.241,.499
Ryan Tepera,30,3,0,0,0,0,0,0,0,0,0,0,0,0,0,0,0
Eric Thames,31,42,153,132,21,32,4,1,12,26,5,19,41,.242,.346,.561,.907
Jake Thompson,24,6,2,2,0,0,0,0,0,0,0,0,2,.000,.000,.000,.000
Trayce Thompson,27,51,137,128,15,15,3,0,3,9,3,7,50,.117,.162,.211,.373
Trayce Thompson,27,3,7,7,1,1,0,0,0,0,0,0,4,.143,.143,.143,.286
Trayce Thompson,27,48,130,121,14,14,3,0,3,9,3,7,46,.116,.163,.215,.378
Charlie Tilson,25,35,109,96,7,26,1,1,0,8,2,8,17,.271,.330,.302,.632
Carlos Tocci,22,22,35,29,1,2,0,0,0,1,0,4,13,.069,.206,.069,.275
Josh Tomlin,33,2,0,0,0,0,0,0,0,0,0,0,0,0,0,0,0
Kelby Tomlinson,28,48,123,113,7,25,4,1,0,9,0,8,30,.221,.285,.274,.559
Carlos Torres,35,10,0,0,0,0,0,0,0,0,0,0,0,0,0,0,0
Gleyber Torres,21,63,241,218,30,64,10,1,15,42,2,17,61,.294,.350,.555,.905
Ramon Torres,25,9,29,28,4,5,1,0,0,1,0,1,3,.179,.207,.214,.421
Ronald Torreyes,25,24,67,65,7,21,6,0,0,6,0,2,9,.323,.343,.415,.759
Devon Travis,27,51,177,165,19,38,5,2,5,17,1,8,34,.230,.282,.376,.658
Sam Travis,24,4,13,12,0,2,0,0,0,3,0,1,3,.167,.231,.167,.397
Blake Treinen,30,1,0,0,0,0,0,0,0,0,0,0,0,0,0,0,0
Jose Trevino,25,3,8,8,0,2,0,0,0,3,0,0,1,.250,.250,.250,.500
Lou Trivino,26,1,0,0,0,0,0,0,0,0,0,0,0,0,0,0,0
Mike Trout,26,87,385,300,67,93,17,3,24,49,13,77,73,.310,.456,.627,1.082
Mark Trumbo,32,52,207,191,24,50,10,0,11,26,0,14,50,.262,.319,.487,.806
Jen-Ho Tseng,23,1,0,0,0,0,0,0,0,0,0,0,0,0,0,0,0
Preston Tucker,27,56,121,112,13,28,9,0,3,21,0,7,32,.250,.298,.411,.708
Sam Tuivailala,25,24,0,0,0,0,0,0,0,0,0,0,0,0,0,0,0
Jacob Turner,27,4,0,0,0,0,0,0,0,0,0,0,0,0,0,0,0
Justin Turner,33,41,162,139,20,37,7,0,5,15,1,18,15,.266,.364,.424,.789
Trea Turner,25,85,384,342,48,94,14,2,9,29,22,39,71,.275,.354,.406,.761
Duane Underwood,23,1,1,1,0,0,0,0,0,0,0,0,0,.000,.000,.000,.000
Justin Upton,30,84,363,314,47,79,10,0,17,45,4,40,99,.252,.339,.446,.785
Jose Urena,26,17,27,26,0,1,1,0,0,0,0,0,20,.038,.038,.077,.115
Richard Urena,22,11,19,18,2,5,0,0,1,3,0,0,7,.278,.278,.444,.722
Gio Urshela,26,19,46,43,7,10,1,0,1,3,0,2,10,.233,.283,.326,.608
Chase Utley,39,53,139,124,13,27,7,1,1,14,2,13,26,.218,.295,.315,.609
Pat Valaika,25,42,90,83,5,11,4,0,1,2,0,6,23,.133,.191,.217,.408
Luis Valbuena,32,76,249,232,20,50,7,0,9,30,2,14,81,.216,.261,.362,.623
Jose Valdez,28,4,0,0,0,0,0,0,0,0,0,0,0,0,0,0,0
Danny Valencia,33,59,206,183,23,50,7,1,8,23,1,19,38,.273,.335,.454,.789
Jesmuel Valentin,24,33,54,47,4,10,3,1,1,4,0,6,13,.213,.296,.383,.679
Breyvic Valera,26,20,34,29,4,5,0,0,0,4,0,4,4,.172,.273,.172,.445
Jason Vargas,35,9,12,10,0,1,0,0,0,0,0,1,4,.100,.182,.100,.282
Jerry Vasto,26,1,0,0,0,0,0,0,0,0,0,0,0,0,0,0,0
Christian Vazquez,27,59,214,203,18,43,9,0,3,12,1,7,32,.212,.249,.300,.549
Felipe Vazquez,26,31,1,1,0,0,0,0,0,0,0,0,1,.000,.000,.000,.000
Vince Velasquez,26,16,29,26,1,6,0,0,0,1,0,0,8,.231,.231,.231,.462
Pat Venditte,33,5,0,0,0,0,0,0,0,0,0,0,0,0,0,0,0
Jonny Venters,33,1,0,0,0,0,0,0,0,0,0,0,0,0,0,0,0
Alex Verdugo,22,9,37,34,3,9,4,0,0,1,0,2,6,.265,.306,.382,.688
Drew VerHagen,27,1,1,1,0,0,0,0,0,0,0,0,0,.000,.000,.000,.000
Justin Verlander,35,1,2,2,0,1,0,0,0,0,0,0,1,.500,.500,.500,1.000
Engelb Vielma,24,6,8,7,1,1,0,0,0,0,0,1,4,.143,.250,.143,.393
Christian Villanueva,27,74,260,238,31,55,10,0,17,41,1,16,74,.231,.292,.487,.780
Jonathan Villar,27,76,253,236,20,60,8,1,6,22,11,15,77,.254,.300,.373,.673
Nick Vincent,31,1,0,0,0,0,0,0,0,0,0,0,0,0,0,0,0
Arodys Vizcaino,27,27,0,0,0,0,0,0,0,0,0,0,0,0,0,0,0
Daniel Vogelbach,25,23,75,62,6,13,2,0,2,6,0,11,22,.210,.347,.339,.685
Luke Voit,27,8,13,11,2,2,0,0,1,3,0,2,4,.182,.308,.455,.762
Chris Volstad,31,4,0,0,0,0,0,0,0,0,0,0,0,0,0,0,0
Joey Votto,34,86,378,306,46,90,17,2,8,43,1,66,58,.294,.426,.441,.867
Michael Wacha,26,15,32,25,3,2,0,0,0,1,0,1,9,.080,.115,.080,.195
Tyler Wade,23,13,38,35,1,3,2,0,0,4,0,3,11,.086,.158,.143,.301
Adam Wainwright,36,4,6,6,0,0,0,0,0,0,0,0,4,.000,.000,.000,.000
Marcus Walden,29,2,0,0,0,0,0,0,0,0,0,0,0,0,0,0,0
Mitch Walding,25,6,9,8,0,0,0,0,0,0,0,1,7,.000,.111,.000,.111
Christian Walker,27,20,27,24,3,5,1,0,1,2,1,3,13,.208,.296,.375,.671
Neil Walker,32,53,190,170,23,32,6,0,2,15,0,18,44,.188,.268,.259,.527
Taijuan Walker,25,3,4,4,0,0,0,0,0,0,0,0,1,.000,.000,.000,.000
Chad Wallach,26,9,34,31,1,4,1,0,0,2,0,2,17,.129,.182,.161,.343
Adam Warren,30,3,0,0,0,0,0,0,0,0,0,0,0,0,0,0,0
Tony Watson,33,38,0,0,0,0,0,0,0,0,0,0,0,0,0,0,0
Luke Weaver,24,20,32,26,3,5,0,0,0,2,0,1,12,.192,.222,.192,.415
Tyler Webb,27,4,1,1,0,0,0,0,0,0,0,0,1,.000,.000,.000,.000
Ryan Weber,27,1,1,1,0,0,0,0,0,0,0,0,1,.000,.000,.000,.000
Zack Weiss,26,1,0,0,0,0,0,0,0,0,0,0,0,0,0,0,0
Joey Wendle,28,72,261,238,23,64,7,3,2,21,7,14,64,.269,.314,.349,.663
Zack Wheeler,28,15,29,27,1,6,0,0,0,2,0,0,9,.222,.222,.222,.444
Tyler White,27,9,23,18,0,4,1,0,0,0,0,5,5,.222,.391,.278,.669
Chase Whitley,29,1,0,0,0,0,0,0,0,0,0,0,0,0,0,0,0
Matt Wieters,32,23,76,65,6,15,1,0,3,7,0,10,12,.231,.342,.385,.727
Aaron Wilkerson,29,1,1,1,0,0,0,0,0,0,0,0,0,.000,.000,.000,.000
Steve Wilkerson,26,7,18,17,2,4,1,0,0,2,1,1,3,.235,.278,.294,.572
Nick Williams,24,76,222,199,25,47,7,1,10,28,2,18,58,.236,.315,.432,.747
Taylor Williams,26,26,2,2,0,1,0,0,0,0,0,0,1,.500,.500,.500,1.000
Trevor Williams,26,15,28,27,1,2,0,0,0,0,0,0,9,.074,.074,.074,.148
Mac Williamson,27,28,105,94,14,20,4,0,4,11,1,11,27,.213,.295,.383,.678
Alex Wilson,31,5,0,0,0,0,0,0,0,0,0,0,0,0,0,0,0
Bobby Wilson,35,27,87,75,5,9,4,0,1,8,0,8,17,.120,.200,.213,.413
Justin Wilson,30,35,1,1,0,0,0,0,0,0,0,0,1,.000,.000,.000,.000
Jesse Winker,24,77,285,238,30,66,12,0,6,35,0,43,40,.277,.391,.403,.794
Dan Winkler,28,34,1,1,0,0,0,0,0,0,0,0,0,.000,.000,.000,.000
Matt Wisler,25,6,9,8,0,0,0,0,0,0,0,0,4,.000,.000,.000,.000
Nick Wittgren,27,22,0,0,0,0,0,0,0,0,0,0,0,0,0,0,0
Tony Wolters,26,41,125,107,9,15,1,0,2,11,2,13,22,.140,.256,.206,.462
Kolten Wong,27,78,235,199,21,38,6,1,6,17,2,18,40,.191,.294,.322,.616
Alex Wood,27,17,34,30,1,2,0,0,0,0,1,0,18,.067,.067,.067,.133
Hunter Wood,24,2,0,0,0,0,0,0,0,0,0,0,0,0,0,0,0
Brandon Woodruff,25,9,7,6,0,1,0,0,0,0,0,0,1,.167,.167,.167,.333
Brandon Workman,29,1,0,0,0,0,0,0,0,0,0,0,0,0,0,0,0
Mike Wright,28,3,1,1,0,0,0,0,0,0,0,0,0,.000,.000,.000,.000
Austin Wynns,27,10,27,26,4,5,0,0,1,1,0,0,10,.192,.192,.308,.500
Ryan Yarbrough,26,2,3,3,0,0,0,0,0,0,0,0,2,.000,.000,.000,.000
Kirby Yates,31,31,0,0,0,0,0,0,0,0,0,0,0,0,0,0,0
Christian Yelich,26,70,301,267,52,77,11,2,11,34,10,29,67,.288,.362,.468,.830
Chris Young,34,56,128,113,17,19,2,1,6,13,2,11,37,.168,.252,.363,.615
Mark Zagunis,25,5,6,5,0,2,1,0,0,1,0,1,1,.400,.500,.600,1.100
Mike Zagurski,35,1,0,0,0,0,0,0,0,0,0,0,0,0,0,0,0
Rob Zastryzny,26,5,0,0,0,0,0,0,0,0,0,0,0,0,0,0,0
Brad Ziegler,38,39,0,0,0,0,0,0,0,0,0,0,0,0,0,0,0
Bradley Zimmer,25,34,114,106,14,24,5,0,2,9,4,7,44,.226,.281,.330,.611
Ryan Zimmerman,33,33,125,115,11,25,3,2,5,16,0,9,24,.217,.280,.409,.689
Jordan Zimmermann,32,1,1,1,0,0,0,0,0,0,0,0,1,.000,.000,.000,.000
Ben Zobrist,37,69,261,223,40,66,10,1,6,32,1,35,32,.296,.391,.430,.821
Mike Zunino,27,60,219,201,20,38,7,0,12,29,0,11,85,.189,.251,.403,.654
