name,age,wins,losses,pct,era,saves,ip,hits,runs,er,hr,bb,ibb,so,era+,fip,whip,h9,hr9,bb9,so9,so/w
Jason Adam,26,0,1,.000,4.41,0,16.1,15,8,8,6,6,0,16,95,7.37,1.286,8.3,3.3,3.3,8.8,2.67
Austin Adams,27,0,0,0,0.00,0,1.0,1,0,0,0,3,0,0,0,12.09,4.000,9.0,0.0,27.0,0.0,0.00
Matt Albers,35,3,2,.600,3.45,1,28.2,26,12,11,5,7,1,25,121,4.55,1.151,8.2,1.6,2.2,7.8,3.57
Sandy Alcantara,22,1,0,1.000,1.80,0,5.0,3,1,1,0,5,0,2,222,5.29,1.600,5.4,0.0,9.0,3.6,0.40
Scott Alexander,28,1,0,1.000,4.04,0,35.2,33,16,16,2,17,0,27,97,3.82,1.402,8.3,0.5,4.3,6.8,1.59
Cody Allen,29,2,3,.400,3.62,16,32.1,22,13,13,5,12,1,39,123,3.98,1.052,6.1,1.4,3.3,10.9,3.25
Yency Almonte,24,0,0,0,0.00,0,2.0,1,2,0,0,1,0,1,0,3.59,1.000,4.5,0.0,4.5,4.5,1.00
Dan Altavilla,25,3,2,.600,2.61,0,20.2,11,7,6,2,15,0,23,154,4.59,1.258,4.8,0.9,6.5,10.0,1.53
Jose Alvarado,23,0,3,.000,3.00,2,33.0,26,13,11,1,17,2,36,132,2.94,1.303,7.1,0.3,4.6,9.8,2.12
Jose Alvarez,29,3,3,.500,3.03,0,35.2,30,13,12,2,11,1,36,133,2.81,1.150,7.6,0.5,2.8,9.1,3.27
Brett Anderson,30,0,2,.000,7.63,0,15.1,25,15,13,3,6,0,8,53,5.76,2.022,14.7,1.8,3.5,4.7,1.33
Chase Anderson,30,6,6,.500,4.18,0,88.1,65,42,41,17,35,0,68,99,5.44,1.132,6.6,1.7,3.6,6.9,1.94
Justin Anderson,25,1,2,.333,3.86,3,28.0,27,12,12,3,20,2,36,105,4.27,1.679,8.7,1.0,6.4,11.6,1.80
Tyler Anderson,28,5,3,.625,4.23,0,93.2,89,47,44,15,31,0,85,112,4.41,1.281,8.6,1.4,3.0,8.2,2.74
Matt Andriese,28,1,3,.250,4.02,0,47.0,44,24,21,5,11,0,43,98,3.47,1.170,8.4,1.0,2.1,8.2,3.91
Victor Arano,23,0,0,0,2.77,0,26.0,22,8,8,1,7,3,29,146,2.16,1.115,7.6,0.3,2.4,10.0,4.14
Pedro Araujo,24,1,3,.250,7.71,0,28.0,29,24,24,9,18,0,29,53,7.34,1.679,9.3,2.9,5.8,9.3,1.61
Chris Archer,29,3,4,.429,4.24,0,76.1,76,37,36,9,26,0,76,93,3.77,1.336,9.0,1.1,3.1,9.0,2.92
Jake Arrieta,32,5,6,.455,3.54,0,84.0,80,47,33,9,27,0,59,113,4.15,1.274,8.6,1.0,2.9,6.3,2.19
Alec Asher,26,0,0,0,0.00,0,2.0,2,0,0,0,1,0,2,0,2.59,1.500,9.0,0.0,4.5,9.0,2.00
Luis Avilan,28,2,0,1.000,3.75,0,24.0,24,13,10,2,10,2,27,109,3.17,1.417,9.0,0.8,3.8,10.1,2.70
John Axford,35,1,1,.500,4.62,0,37.0,34,21,19,5,16,1,34,92,4.47,1.351,8.3,1.2,3.9,8.3,2.13
Pedro Baez,30,3,3,.500,3.23,0,30.2,30,12,11,2,16,2,36,121,3.25,1.500,8.8,0.6,4.7,10.6,2.25
Sandy Baez,24,0,0,0,0.00,0,4.1,0,0,0,0,3,0,4,0,4.01,0.692,0.0,0.0,6.2,8.3,1.33
Homer Bailey,32,1,7,.125,6.68,0,62.0,81,49,46,15,24,7,38,61,6.22,1.694,11.8,2.2,3.5,5.5,1.58
Anthony Banda,24,1,0,1.000,3.68,0,14.2,12,6,6,1,3,0,10,109,3.22,1.023,7.4,0.6,1.8,6.1,3.33
Johnny Barbato,25,0,0,0,12.15,0,6.2,11,9,9,3,5,1,2,37,11.04,2.400,14.9,4.1,6.8,2.7,0.40
Luke Bard,27,0,0,0,5.40,0,11.2,10,7,7,4,5,1,13,76,7.37,1.286,7.7,3.1,3.9,10.0,2.60
Scott Barlow,25,1,1,.500,3.60,0,15.0,16,7,6,2,3,0,15,117,3.42,1.267,9.6,1.2,1.8,9.0,5.00
Danny Barnes,28,2,1,.667,4.60,0,29.1,30,16,15,5,17,1,27,92,5.30,1.602,9.2,1.5,5.2,8.3,1.59
Jacob Barnes,28,0,1,.000,1.74,2,31.0,28,9,6,1,14,2,31,240,2.86,1.355,8.1,0.3,4.1,9.0,2.21
Matt Barnes,28,2,2,.500,2.60,0,34.2,19,10,10,1,18,1,48,170,2.34,1.067,4.9,0.3,4.7,12.5,2.67
Tony Barnette,34,2,0,1.000,2.52,0,25.0,19,11,7,2,5,0,25,180,2.97,0.960,6.8,0.7,1.8,9.0,5.00
Kyle Barraclough,28,0,2,.000,1.02,7,35.1,10,5,4,2,17,1,37,367,3.34,0.764,2.5,0.5,4.3,9.4,2.18
Jake Barrett,26,0,0,0,5.06,0,5.1,7,3,3,1,1,0,5,91,4.21,1.500,11.8,1.7,1.7,8.4,5.00
Jaime Barria,21,5,4,.556,3.40,0,55.2,51,22,21,10,16,0,46,118,4.79,1.204,8.2,1.6,2.6,7.4,2.88
Tyler Bashlor,25,0,0,0,5.79,0,4.2,4,3,3,1,1,0,2,71,5.66,1.071,7.7,1.9,1.9,3.9,2.00
Anthony Bass,30,0,0,0,0.75,0,12.0,11,2,1,0,0,0,12,568,1.09,0.917,8.3,0.0,0.0,9.0,0
Chris Bassitt,29,1,3,.250,2.82,0,22.1,18,12,7,1,8,0,18,142,3.40,1.164,7.3,0.4,3.2,7.3,2.25
Trevor Bauer,27,7,6,.538,2.45,0,113.2,88,38,31,5,36,2,148,180,2.16,1.091,7.0,0.4,2.9,11.7,4.11
Buddy Baumann,30,0,2,.000,27.00,0,3.1,9,13,10,1,7,2,4,17,10.89,4.800,24.3,2.7,18.9,10.8,0.57
Gerson Bautista,23,0,1,.000,12.46,0,4.1,8,6,6,2,5,0,3,33,11.16,3.000,16.6,4.2,10.4,6.2,0.60
Chris Beck,27,0,0,0,4.35,1,31.0,32,15,15,7,16,0,21,93,6.31,1.548,9.3,2.0,4.6,6.1,1.31
Cam Bedrosian,26,3,1,.750,3.38,1,37.1,37,15,14,5,16,0,31,119,4.53,1.420,8.9,1.2,3.9,7.5,1.94
Tyler Beede,25,0,1,.000,8.22,0,7.2,9,7,7,0,8,0,9,50,4.26,2.217,10.6,0.0,9.4,10.6,1.13
Jalen Beeks,24,0,1,.000,13.50,0,4.0,7,6,6,1,3,0,4,35,6.59,2.500,15.8,2.3,6.8,9.0,1.33
Matt Belisle,38,0,0,0,7.56,0,16.2,23,14,14,2,3,0,10,59,4.35,1.560,12.4,1.1,1.6,5.4,3.33
Jeff Beliveau,31,0,0,0,11.57,1,4.2,7,6,6,2,5,0,2,41,11.66,2.571,13.5,3.9,9.6,3.9,0.40
Chad Bell,29,0,1,.000,8.59,0,7.1,14,7,7,1,2,1,7,53,3.77,2.182,17.2,1.2,2.5,8.6,3.50
Christian Bergman,30,0,0,0,0.00,0,7.0,2,0,0,0,0,0,5,0,1.66,0.286,2.6,0.0,0.0,6.4,0
Jose Berrios,24,8,6,.571,3.52,0,107.1,83,42,42,14,24,0,111,117,3.58,0.997,7.0,1.2,2.0,9.3,4.63
Dellin Betances,30,1,2,.333,2.83,0,35.0,20,12,11,4,16,0,62,150,2.57,1.029,5.1,1.0,4.1,15.9,3.88
Chad Bettis,29,5,1,.833,5.07,0,92.1,93,52,52,15,36,3,67,93,5.02,1.397,9.1,1.5,3.5,6.5,1.86
Joe Biagini,28,0,5,.000,6.69,0,35.0,52,28,26,7,12,0,27,63,5.43,1.829,13.4,1.8,3.1,6.9,2.25
Austin Bibens-Dirkx,33,1,1,.500,3.57,0,22.2,24,11,9,1,6,0,17,127,3.22,1.324,9.5,0.4,2.4,6.8,2.83
Jesse Biddle,26,1,0,1.000,2.48,0,29.0,19,9,8,3,15,3,30,159,4.02,1.172,5.9,0.9,4.7,9.3,2.00
Shane Bieber,23,3,0,1.000,2.22,0,24.1,28,6,6,2,4,0,27,201,2.68,1.315,10.4,0.7,1.5,10.0,6.75
Ty Blach,27,5,5,.500,4.15,0,80.1,93,41,37,5,27,1,41,94,3.92,1.494,10.4,0.6,3.0,4.6,1.52
Paul Blackburn,24,2,2,.500,6.46,0,23.2,26,17,17,2,5,0,16,62,3.72,1.310,9.9,0.8,1.9,6.1,3.20
Richard Bleier,31,3,0,1.000,1.93,0,32.2,36,7,7,0,4,1,15,211,2.63,1.224,9.9,0.0,1.1,4.1,3.75
Jerry Blevins,34,1,1,.500,4.95,0,20.0,18,11,11,3,12,0,17,78,5.29,1.500,8.1,1.4,5.4,7.7,1.42
Ryan Borucki,24,0,1,.000,3.00,0,6.0,6,2,2,0,4,0,3,148,4.09,1.667,9.0,0.0,6.0,4.5,0.75
Matthew Bowman,27,0,2,.000,5.75,0,20.1,23,13,13,4,10,2,24,69,4.91,1.623,10.2,1.8,4.4,10.6,2.40
Brad Boxberger,30,1,3,.250,3.68,19,29.1,24,15,12,6,15,2,39,118,4.72,1.330,7.4,1.8,4.6,12.0,2.60
Matthew Boyd,27,4,6,.400,4.15,0,82.1,68,38,38,8,33,0,69,104,4.10,1.227,7.4,0.9,3.6,7.5,2.09
Blaine Boyer,36,2,0,1.000,11.76,1,20.2,31,31,27,6,12,3,9,36,7.73,2.081,13.5,2.6,5.2,3.9,0.75
Brad Brach,32,0,2,.000,3.73,10,31.1,37,14,13,2,17,1,33,109,3.44,1.723,10.6,0.6,4.9,9.5,1.94
Silvino Bracho,25,2,0,1.000,1.42,0,12.2,4,2,2,0,5,0,19,311,1.98,0.711,2.8,0.0,3.6,13.5,3.80
Chasen Bradford,28,5,0,1.000,2.81,0,32.0,27,10,10,6,7,0,26,142,4.74,1.063,7.6,1.7,2.0,7.3,3.71
Archie Bradley,25,2,1,.667,2.08,3,39.0,26,10,9,4,11,0,35,209,3.47,0.949,6.0,0.9,2.5,8.1,3.18
Steven Brault,26,5,2,.714,4.42,0,57.0,44,29,28,5,34,3,51,90,4.49,1.368,6.9,0.8,5.4,8.1,1.50
John Brebbia,28,1,1,.500,2.86,2,28.1,23,9,9,2,7,1,32,138,2.49,1.059,7.3,0.6,2.2,10.2,4.57
Colten Brewer,25,0,0,0,0.00,0,0.2,4,4,0,0,2,0,1,0,9.09,9.000,54.0,0.0,27.0,13.5,0.50
Austin Brice,26,1,2,.333,6.04,0,28.1,33,21,19,6,11,5,27,68,5.31,1.553,10.5,1.9,3.5,8.6,2.45
Parker Bridwell,26,0,0,0,32.40,0,1.2,7,6,6,3,0,0,0,15,26.49,4.200,37.8,16.2,0.0,0.0,0
Zach Britton,30,0,0,0,7.04,1,7.2,8,6,6,1,6,0,7,60,5.70,1.826,9.4,1.2,7.0,8.2,1.17
Rex Brothers,30,0,0,0,inf,0,0.0,0,1,1,0,2,0,0,17,0,0,0,0,0,0,0.00
Clay Buchholz,33,2,1,.667,2.56,0,38.2,30,12,11,4,7,0,31,169,3.45,0.957,7.0,0.9,1.6,7.2,4.43
Ryan Buchter,31,2,0,1.000,2.84,0,12.2,13,6,4,1,6,1,15,143,3.17,1.500,9.2,0.7,4.3,10.7,2.50
Walker Buehler,23,4,2,.667,3.44,0,52.1,43,21,20,3,12,0,54,113,2.57,1.051,7.4,0.5,2.1,9.3,4.50
Madison Bumgarner,28,1,2,.333,2.51,0,32.1,24,9,9,3,9,2,25,157,3.58,1.021,6.7,0.8,2.5,7.0,2.78
Aaron Bummer,24,0,1,.000,3.26,0,19.1,27,11,7,0,6,0,21,126,2.00,1.707,12.6,0.0,2.8,9.8,3.50
Dylan Bundy,25,6,7,.462,3.75,0,96.0,87,46,40,18,29,1,108,108,4.28,1.208,8.2,1.7,2.7,10.1,3.72
Alan Busenitz,27,2,0,1.000,6.43,0,7.0,13,6,5,2,2,0,12,67,5.09,2.143,16.7,2.6,2.6,15.4,6.00
Matt Bush,32,0,0,0,4.70,0,23.0,23,13,12,3,14,0,19,97,5.22,1.609,9.0,1.2,5.5,7.4,1.36
Eddie Butler,27,0,1,.000,4.30,0,14.2,12,9,7,1,5,0,10,99,3.63,1.159,7.4,0.6,3.1,6.1,2.00
Trevor Cahill,30,1,2,.333,2.77,0,48.2,37,16,15,4,11,0,47,143,3.03,0.986,6.8,0.7,2.0,8.7,4.27
Shane Carle,26,4,1,.800,2.38,0,41.2,33,13,11,2,16,3,33,165,3.28,1.176,7.1,0.4,3.5,7.1,2.06
Ryan Carpenter,27,0,1,.000,6.39,0,12.2,17,10,9,4,3,0,7,69,7.27,1.579,12.1,2.8,2.1,5.0,2.33
Carlos Carrasco,31,8,5,.615,4.24,0,91.1,85,44,43,11,22,4,96,104,3.41,1.172,8.4,1.1,2.2,9.5,4.36
Andrew Cashner,31,2,8,.200,4.70,0,82.1,95,46,43,14,38,2,67,86,5.09,1.615,10.4,1.5,4.2,7.3,1.76
Santiago Casilla,37,0,0,0,3.04,1,26.2,14,9,9,0,16,0,19,132,3.80,1.125,4.7,0.0,5.4,6.4,1.19
Diego Castillo,24,1,0,1.000,1.88,0,14.1,8,3,3,1,4,0,15,213,2.74,0.837,5.0,0.6,2.5,9.4,3.75
Jose Castillo,22,1,1,.500,2.45,0,11.0,6,3,3,1,3,0,15,166,2.63,0.818,4.9,0.8,2.5,12.3,5.00
Luis Castillo,25,5,8,.385,5.85,0,87.2,91,60,57,18,33,1,85,70,5.02,1.414,9.3,1.8,3.4,8.7,2.58
Miguel Castro,23,2,4,.333,2.96,0,48.2,40,18,16,2,28,5,32,137,4.22,1.397,7.4,0.4,5.2,5.9,1.14
Brett Cecil,31,0,1,.000,4.24,0,17.0,17,10,8,1,14,2,11,94,5.03,1.824,9.0,0.5,7.4,5.8,0.79
Xavier Cedeno,31,0,0,0,0.00,0,9.1,3,0,0,0,4,0,13,0,1.59,0.750,2.9,0.0,3.9,12.5,3.25
Luis Cessa,26,0,1,.000,5.00,0,9.0,8,5,5,1,5,0,9,87,4.20,1.444,8.0,1.0,5.0,9.0,1.80
Jhoulys Chacin,30,6,3,.667,3.82,0,92.0,83,42,39,7,40,1,71,109,3.97,1.337,8.1,0.7,3.9,6.9,1.78
Andrew Chafin,28,1,3,.250,1.84,0,29.1,20,7,6,0,14,1,32,236,2.54,1.159,6.1,0.0,4.3,9.8,2.29
Aroldis Chapman,30,3,0,1.000,1.29,23,35.0,15,5,5,1,15,0,60,330,1.57,0.857,3.9,0.3,3.9,15.4,4.00
JT Chargois,27,2,1,.667,4.76,0,17.0,17,9,9,2,12,2,23,83,4.21,1.706,9.0,1.1,6.4,12.2,1.92
Tyler Chatwood,28,3,5,.375,3.95,0,68.1,55,31,30,4,63,0,64,105,4.92,1.727,7.2,0.5,8.3,8.4,1.02
Jesse Chavez,34,3,1,.750,3.26,1,49.2,47,19,18,8,10,1,46,138,3.93,1.148,8.5,1.4,1.8,8.3,4.60
Wei-Yin Chen,32,2,5,.286,6.14,0,55.2,65,38,38,10,25,4,41,61,5.35,1.617,10.5,1.6,4.0,6.6,1.64
Yonny Chirinos,24,0,1,.000,3.71,0,26.2,25,11,11,2,9,0,24,107,3.73,1.275,8.4,0.7,3.0,8.1,2.67
Adam Cimber,27,3,4,.429,3.38,0,40.0,38,16,15,1,7,1,45,118,1.76,1.125,8.6,0.2,1.6,10.1,6.43
Tony Cingrani,28,1,2,.333,4.84,0,22.1,17,12,12,2,6,1,36,81,2.10,1.030,6.9,0.8,2.4,14.5,6.00
Steve Cishek,32,2,0,1.000,1.75,2,36.0,21,8,7,1,17,2,40,239,2.89,1.056,5.3,0.3,4.3,10.0,2.35
Alex Claudio,26,4,2,.667,4.93,1,34.2,51,20,19,1,4,2,17,92,3.00,1.587,13.2,0.3,1.0,4.4,4.25
Mike Clevinger,27,6,3,.667,3.03,0,104.0,89,36,35,7,34,0,94,146,3.16,1.183,7.7,0.6,2.9,8.1,2.76
Tyler Clippard,33,4,2,.667,3.20,5,39.1,29,15,14,7,16,0,46,132,4.28,1.144,6.6,1.6,3.7,10.5,2.88
Tyler Cloyd,31,0,0,0,8.66,0,17.2,25,17,17,3,10,2,13,44,5.69,1.981,12.7,1.5,5.1,6.6,1.30
Alex Cobb,30,2,9,.182,6.75,0,74.2,104,61,56,14,21,3,50,60,5.11,1.674,12.5,1.7,2.5,6.0,2.38
A.J. Cole,26,2,1,.667,6.17,0,23.1,22,16,16,7,12,0,25,69,6.39,1.457,8.5,2.7,4.6,9.6,2.08
Gerrit Cole,27,9,2,.818,2.50,0,111.2,67,34,31,13,36,0,151,150,2.97,0.922,5.4,1.0,2.9,12.2,4.19
Louis Coleman,32,3,1,.750,2.66,0,23.2,18,8,7,3,10,0,26,165,4.19,1.183,6.8,1.1,3.8,9.9,2.60
Tim Collins,28,0,0,0,3.38,0,10.2,11,4,4,2,3,0,5,126,5.43,1.313,9.3,1.7,2.5,4.2,1.67
Alex Colome,29,2,5,.286,4.86,12,33.1,35,20,18,4,10,1,33,83,3.75,1.350,9.5,1.1,2.7,8.9,3.30
Bartolo Colon,45,4,5,.444,4.72,0,87.2,91,47,46,19,13,1,54,95,5.19,1.186,9.3,2.0,1.3,5.5,4.15
Adam Conley,28,2,0,1.000,1.65,0,16.1,10,4,3,2,4,1,18,229,3.21,0.857,5.5,1.1,2.2,9.9,4.50
P.J. Conlon,24,0,0,0,11.12,0,5.2,12,7,7,2,2,0,2,36,8.03,2.471,19.1,3.2,3.2,3.2,1.00
Ryan Cook,31,1,1,.500,6.75,0,9.1,9,7,7,3,6,1,14,61,6.52,1.607,8.7,2.9,5.8,13.5,2.33
Scott Copeland,30,0,0,0,0.00,0,1.1,1,0,0,0,0,0,2,0,0.09,0.750,6.8,0.0,0.0,13.5,0
Patrick Corbin,28,6,3,.667,3.14,0,106.0,77,37,37,11,28,2,134,137,2.79,0.991,6.5,0.9,2.4,11.4,4.79
Daniel Corcino,27,0,0,0,2.25,1,4.0,2,2,1,0,3,0,1,188,5.59,1.250,4.5,0.0,6.8,2.3,0.33
Nestor Cortes,23,0,0,0,7.71,0,4.2,10,4,4,2,4,0,3,57,9.95,3.000,19.3,3.9,7.7,5.8,0.75
Danny Coulombe,28,1,1,.500,4.56,0,23.2,23,13,12,5,11,0,26,88,5.03,1.437,8.7,1.9,4.2,9.9,2.36
Dylan Covey,26,3,3,.500,4.82,0,46.2,51,31,25,6,23,1,36,84,4.76,1.586,9.8,1.2,4.4,6.9,1.57
Kyle Crick,25,0,1,.000,2.51,1,28.2,23,10,8,1,14,3,30,159,2.91,1.291,7.2,0.3,4.4,9.4,2.14
Kyle Crockett,26,0,0,0,2.70,0,3.1,2,3,1,0,1,1,4,167,1.59,0.900,5.4,0.0,2.7,10.8,4.00
Johnny Cueto,32,3,0,1.000,0.84,0,32.0,16,3,3,1,6,0,26,467,2.71,0.688,4.5,0.3,1.7,7.3,4.33
Zac Curtis,25,0,0,0,1.86,0,9.2,6,2,2,0,10,1,10,222,4.43,1.655,5.6,0.0,9.3,9.3,1.00
John Curtiss,25,0,1,.000,40.50,0,0.2,2,3,3,0,2,1,1,16,9.09,6.000,27.0,0.0,27.0,13.5,0.50
Yu Darvish,31,1,3,.250,4.95,0,40.0,36,24,22,7,21,0,49,84,4.79,1.425,8.1,1.6,4.7,11.0,2.33
Matt Davidson,27,0,0,0,0.00,0,1.0,0,0,0,0,0,0,1,0,1.09,0.000,0.0,0.0,0.0,9.0,0
Zach Davies,25,2,5,.286,5.23,0,43.0,45,26,25,7,17,3,31,80,5.23,1.442,9.4,1.5,3.6,6.5,1.82
Austin Davis,25,0,0,0,4.76,0,5.2,8,3,3,0,3,0,8,89,1.85,1.941,12.7,0.0,4.8,12.7,2.67
Wade Davis,32,0,2,.000,4.41,23,32.2,22,17,16,4,18,0,36,108,4.31,1.224,6.1,1.1,5.0,9.9,2.00
Jorge De La Rosa,37,0,2,.000,3.28,0,24.2,26,10,9,3,10,2,14,133,4.87,1.459,9.5,1.1,3.6,5.1,1.40
Jacob deGrom,30,5,3,.625,1.69,0,101.1,75,22,19,5,27,2,126,225,2.13,1.007,6.7,0.4,2.4,11.2,4.67
Daniel Descalso,31,0,0,0,0.00,0,0.2,0,0,0,0,0,0,1,0,0.09,0.000,0.0,0.0,0.0,13.5,0
Anthony DeSclafani,28,3,1,.750,4.45,0,28.1,27,15,14,6,9,0,24,92,5.10,1.271,8.6,1.9,2.9,7.6,2.67
Odrisamer Despaigne,31,2,0,1.000,5.31,0,20.1,22,16,12,1,8,1,18,71,3.28,1.475,9.7,0.4,3.5,8.0,2.25
Chris Devenski,27,2,1,.667,1.34,2,33.2,21,5,5,2,7,1,40,283,2.29,0.832,5.6,0.5,1.9,10.7,5.71
Edwin Diaz,24,0,2,.000,2.57,30,42.0,25,12,12,2,13,0,68,155,1.68,0.905,5.4,0.4,2.8,14.6,5.23
Jake Diekman,31,1,1,.500,3.86,2,28.0,25,13,12,2,17,1,35,118,3.45,1.500,8.0,0.6,5.5,11.3,2.06
Seranthony Dominguez,23,1,2,.333,2.05,6,26.1,13,6,6,1,4,1,36,197,1.53,0.646,4.4,0.3,1.4,12.3,9.00
Sean Doolittle,31,2,2,.500,1.60,21,33.2,15,6,6,3,3,1,44,258,2.08,0.535,4.0,0.8,0.8,11.8,14.67
Oliver Drake,31,1,1,.500,8.24,0,19.2,29,18,18,2,10,1,23,54,3.75,1.983,13.3,0.9,4.6,10.5,2.30
Brian Duensing,35,2,0,1.000,6.48,1,25.0,26,19,18,3,18,1,17,65,5.57,1.760,9.4,1.1,6.5,6.1,0.94
Tyler Duffey,27,1,1,.500,6.35,0,11.1,14,9,8,4,1,0,8,67,6.53,1.324,11.1,3.2,0.8,6.4,8.00
Danny Duffy,29,4,7,.364,4.94,0,94.2,95,54,52,18,46,1,83,84,5.33,1.489,9.0,1.7,4.4,7.9,1.80
Zach Duke,35,3,2,.600,2.86,0,28.1,28,13,9,0,11,3,29,146,2.63,1.376,8.9,0.0,3.5,9.2,2.64
Ryan Dull,28,0,0,0,5.06,0,16.0,19,9,9,3,4,0,17,80,4.15,1.438,10.7,1.7,2.3,9.6,4.25
Mike Dunn,33,0,0,0,9.00,0,16.0,20,16,16,1,17,0,12,53,5.59,2.313,11.3,0.6,9.6,6.8,0.71
Sam Dyson,30,2,2,.500,3.35,3,37.2,32,16,14,4,11,1,30,118,3.83,1.142,7.6,1.0,2.6,7.2,2.73
Carl Edwards,26,2,1,.667,2.88,0,25.0,18,8,8,2,12,1,40,146,2.37,1.200,6.5,0.7,4.3,14.4,3.33
Zach Eflin,24,6,2,.750,3.02,0,56.2,50,22,19,4,14,0,57,133,2.84,1.129,7.9,0.6,2.2,9.1,4.07
Roenis Elias,29,2,0,1.000,1.59,0,11.1,9,2,2,0,4,1,8,257,2.74,1.147,7.1,0.0,3.2,6.4,2.00
Nathan Eovaldi,28,2,3,.400,4.08,0,35.1,24,16,16,8,5,1,30,97,4.84,0.821,6.1,2.0,1.3,7.6,6.00
Robbie Erlin,27,1,3,.250,4.15,0,47.2,46,24,22,6,5,0,40,96,3.36,1.070,8.7,1.1,0.9,7.6,8.00
Marco Estrada,34,4,7,.364,4.53,0,89.1,92,46,45,14,24,0,69,93,4.39,1.299,9.3,1.4,2.4,7.0,2.88
Jeurys Familia,28,3,4,.429,3.48,14,33.2,35,13,13,1,13,1,37,110,2.52,1.426,9.4,0.3,3.5,9.9,2.85
Jake Faria,24,3,3,.500,5.48,0,47.2,41,29,29,7,22,1,37,72,5.02,1.322,7.7,1.3,4.2,7.0,1.68
Buck Farmer,27,3,3,.500,4.74,0,38.0,41,22,20,5,23,1,39,92,4.64,1.684,9.7,1.2,5.4,9.2,1.70
Danny Farquhar,31,1,1,.500,5.63,0,8.0,6,5,5,3,0,0,9,75,5.71,0.750,6.8,3.4,0.0,10.1,0
Luke Farrell,27,2,3,.400,4.76,0,22.2,22,16,12,6,10,1,31,88,5.12,1.412,8.7,2.4,4.0,12.3,3.10
Erick Fedde,25,1,3,.250,6.00,0,27.0,35,18,18,5,9,1,19,69,5.09,1.630,11.7,1.7,3.0,6.3,2.11
Michael Feliz,25,0,2,.000,5.51,0,32.2,32,21,20,5,16,0,39,72,4.25,1.469,8.8,1.4,4.4,10.7,2.44
Caleb Ferguson,21,1,1,.500,5.40,0,16.2,14,11,10,2,7,0,21,73,3.93,1.260,7.6,1.1,3.8,11.3,3.00
Johnny Field,26,0,0,0,0.00,0,1.0,0,0,0,0,1,0,0,0,6.09,1.000,0.0,0.0,9.0,0.0,0.00
Josh Fields,32,2,2,.500,2.36,2,34.1,23,9,9,4,9,1,28,165,3.76,0.932,6.0,1.0,2.4,7.3,3.11
Mike Fiers,33,5,5,.500,4.04,0,84.2,90,41,38,16,19,1,63,107,4.91,1.287,9.6,1.7,2.0,6.7,3.32
Heath Fillmyer,24,0,0,0,4.50,0,4.0,3,2,2,1,2,0,1,100,7.34,1.250,6.8,2.3,4.5,2.3,0.50
Brandon Finnegan,25,0,3,.000,7.40,0,20.2,27,20,17,5,15,2,14,56,7.06,2.032,11.8,2.2,6.5,6.1,0.93
Doug Fister,34,1,7,.125,4.50,0,66.0,73,40,33,11,19,0,40,100,5.18,1.394,10.0,1.5,2.6,5.5,2.11
Jack Flaherty,22,3,3,.500,2.92,0,61.2,48,23,20,9,18,1,73,134,3.74,1.070,7.0,1.3,2.6,10.7,4.06
Chris Flexen,23,0,1,.000,10.80,0,3.1,9,8,4,1,3,0,1,39,9.09,3.600,24.3,2.7,8.1,2.7,0.33
Pedro Florimon,31,0,0,0,9.00,0,2.0,1,2,2,1,1,0,0,53,11.09,1.000,4.5,4.5,4.5,0.0,0.00
Dylan Floro,27,2,2,.500,3.09,0,32.0,37,12,11,2,11,3,22,133,3.56,1.500,10.4,0.6,3.1,6.2,2.00
Brian Flynn,28,0,1,.000,4.15,1,34.2,43,18,16,2,17,1,20,100,4.41,1.731,11.2,0.5,4.4,5.2,1.18
Mike Foltynewicz,26,5,4,.556,2.14,0,84.0,58,24,20,6,37,0,98,183,3.08,1.131,6.2,0.6,4.0,10.5,2.65
Wilmer Font,28,2,3,.400,5.93,0,44.0,46,29,29,12,16,1,36,68,6.16,1.409,9.4,2.5,3.3,7.4,2.25
Kyle Freeland,25,7,6,.538,3.29,0,98.1,88,36,36,11,32,1,81,143,3.90,1.220,8.1,1.0,2.9,7.4,2.53
Sam Freeman,31,2,4,.333,5.13,0,33.1,25,21,19,2,18,1,35,77,3.57,1.290,6.8,0.5,4.9,9.5,1.94
Max Fried,24,0,2,.000,4.09,0,11.0,9,6,5,3,7,0,13,99,6.45,1.455,7.4,2.5,5.7,10.6,1.86
Jace Fry,24,0,1,.000,1.88,1,24.0,12,6,5,1,9,0,31,218,2.17,0.875,4.5,0.4,3.4,11.6,3.44
Paul Fry,25,0,0,0,0.00,0,1.2,2,0,0,0,0,0,2,0,0.69,1.200,10.8,0.0,0.0,10.8,0
Carson Fulmer,24,2,4,.333,8.07,0,32.1,37,32,29,8,24,0,29,51,7.20,1.887,10.3,2.2,6.7,8.1,1.21
Michael Fulmer,25,3,7,.300,4.20,0,94.1,88,47,44,11,30,0,80,103,4.02,1.251,8.4,1.0,2.9,7.6,2.67
Yovani Gallardo,32,2,0,1.000,9.00,0,20.0,24,20,20,4,10,0,16,51,5.59,1.700,10.8,1.8,4.5,7.2,1.60
Giovanny Gallegos,26,0,0,0,0.00,0,5.0,4,0,0,0,0,0,7,0,0.29,0.800,7.2,0.0,0.0,12.6,0
John Gant,25,2,2,.500,3.48,0,33.2,24,19,13,1,14,0,32,113,2.91,1.129,6.4,0.3,3.7,8.6,2.29
Greg Garcia,28,0,0,0,0.00,0,1.0,1,0,0,0,0,0,0,0,3.09,1.000,9.0,0.0,0.0,0.0,0
Jaime Garcia,31,2,6,.250,6.16,0,61.1,68,45,42,12,31,1,56,68,5.47,1.614,10.0,1.8,4.5,8.2,1.81
Jarlin Garcia,25,1,1,.500,4.41,0,51.0,41,26,25,13,21,3,32,84,6.38,1.216,7.2,2.3,3.7,5.6,1.52
Luis Garcia,31,2,1,.667,4.74,1,24.2,21,13,13,2,6,1,23,85,3.49,1.095,7.7,0.7,2.2,8.4,3.83
Yimi Garcia,27,1,2,.333,5.00,0,18.0,24,14,10,5,3,1,14,79,5.98,1.500,12.0,2.5,1.5,7.0,4.67
Nick Gardewine,24,0,0,0,3.60,0,5.0,7,2,2,0,0,0,4,133,2.09,1.400,12.6,0.0,0.0,7.2,0
Amir Garrett,26,0,1,.000,2.76,0,42.1,30,13,13,5,13,0,49,148,3.37,1.016,6.4,1.1,2.8,10.4,3.77
Kevin Gausman,27,3,6,.333,4.20,0,94.1,104,45,44,16,25,0,88,96,4.35,1.367,9.9,1.5,2.4,8.4,3.52
Sam Gaviglio,28,2,2,.500,3.98,0,40.2,39,19,18,6,11,0,40,106,4.00,1.230,8.6,1.3,2.4,8.9,3.64
Cory Gearrin,32,0,1,.000,4.73,1,26.2,32,14,14,5,13,1,26,84,5.38,1.688,10.8,1.7,4.4,8.8,2.00
Domingo German,25,2,4,.333,5.32,0,64.1,57,40,38,11,21,0,75,79,4.14,1.212,8.0,1.5,2.9,10.5,3.57
Kyle Gibson,30,2,6,.250,3.48,0,95.2,79,38,37,10,40,0,93,119,3.85,1.244,7.4,0.9,3.8,8.7,2.33
Ken Giles,27,0,2,.000,4.23,11,27.2,31,13,13,1,3,0,27,90,1.93,1.229,10.1,0.3,1.0,8.8,9.00
Chris Gimenez,35,0,0,0,27.00,0,1.0,2,3,3,1,1,0,1,21,17.09,3.000,18.0,9.0,9.0,9.0,1.00
Lucas Giolito,23,5,7,.417,6.59,0,84.2,83,64,62,13,51,0,51,61,6.04,1.583,8.8,1.4,5.4,5.4,1.00
Mychal Givens,28,0,5,.000,4.01,1,42.2,41,21,19,1,20,2,50,101,2.67,1.430,8.6,0.2,4.2,10.5,2.50
Tyler Glasnow,24,1,2,.333,4.60,0,43.0,36,22,22,5,23,2,53,86,3.74,1.372,7.5,1.0,4.8,11.1,2.30
Zack Godley,28,9,5,.643,4.58,0,88.1,89,51,45,12,45,0,87,94,4.58,1.517,9.1,1.2,4.6,8.9,1.93
Erik Goeddel,29,3,0,1.000,3.16,0,25.2,22,9,9,3,15,3,30,127,4.02,1.442,7.7,1.1,5.3,10.5,2.00
Luiz Gohara,21,0,1,.000,6.89,1,15.2,15,12,12,2,8,0,13,58,4.62,1.468,8.6,1.1,4.6,7.5,1.63
Austin Gomber,24,0,0,0,4.26,0,12.2,10,6,6,1,7,0,9,94,4.82,1.342,7.1,0.7,5.0,6.4,1.29
Roberto Gomez,28,1,0,1.000,7.71,0,9.1,20,11,8,0,1,0,8,53,2.02,2.250,19.3,0.0,1.0,7.7,8.00
Marco Gonzales,26,8,5,.615,3.77,0,100.1,103,44,42,10,20,0,87,105,3.40,1.226,9.2,0.9,1.8,7.8,4.35
Gio Gonzalez,32,6,5,.545,3.68,0,85.2,83,37,35,9,39,1,82,112,3.91,1.424,8.7,0.9,4.1,8.6,2.10
Merandy Gonzalez,22,2,0,1.000,5.71,0,17.1,23,11,11,3,8,1,16,66,4.88,1.788,11.9,1.6,4.2,8.3,2.00
Miguel Gonzalez,34,0,3,.000,12.41,0,12.1,24,18,17,4,6,0,5,33,7.95,2.432,17.5,2.9,4.4,3.6,0.83
Nick Goody,26,0,2,.000,6.94,0,11.2,15,9,9,4,5,1,12,65,7.03,1.714,11.6,3.1,3.9,9.3,2.40
Daniel Gossett,25,0,3,.000,5.18,0,24.1,25,14,14,5,8,0,12,77,5.88,1.356,9.2,1.8,3.0,4.4,1.50
Trevor Gott,25,0,2,.000,4.96,0,16.1,14,10,9,2,8,1,12,84,5.05,1.347,7.7,1.1,4.4,6.6,1.50
Matt Grace,29,0,0,0,3.38,0,24.0,20,10,9,3,4,0,20,123,3.67,1.000,7.5,1.1,1.5,7.5,5.00
Kendall Graveman,27,1,5,.167,7.60,0,34.1,44,32,29,9,13,0,27,53,6.15,1.660,11.5,2.4,3.4,7.1,2.08
Brett Graves,25,0,0,0,2.70,0,3.1,4,1,1,0,0,0,2,154,1.89,1.200,10.8,0.0,0.0,5.4,0
Jon Gray,26,7,7,.500,5.77,0,92.0,108,61,59,11,29,1,119,82,3.07,1.489,10.6,1.1,2.8,11.6,4.10
Sonny Gray,28,5,5,.500,4.93,0,80.1,82,44,44,9,34,0,73,85,4.18,1.444,9.2,1.0,3.8,8.2,2.15
Chad Green,27,4,1,.800,2.11,0,38.1,31,10,9,4,8,0,52,200,2.36,1.017,7.3,0.9,1.9,12.2,6.50
Shane Greene,29,2,5,.286,4.14,19,37.0,36,20,17,7,11,1,42,105,4.25,1.270,8.8,1.7,2.7,10.2,3.82
Luke Gregerson,34,0,0,0,8.64,0,8.1,8,8,8,2,3,0,8,47,5.37,1.320,8.6,2.2,3.2,8.6,2.67
Zack Greinke,34,8,5,.615,3.41,0,103.0,95,40,39,16,19,1,108,127,3.68,1.107,8.3,1.4,1.7,9.4,5.68
Justin Grimm,29,1,3,.250,13.50,0,12.2,17,19,19,2,14,1,8,31,7.19,2.447,12.1,1.4,9.9,5.7,0.57
Robert Gsellman,24,5,2,.714,4.37,3,47.1,42,24,23,5,20,5,46,87,3.98,1.310,8.0,1.0,3.8,8.7,2.30
Reymin Guduan,26,0,0,0,4.50,0,2.0,1,1,1,1,0,0,3,100,6.59,0.500,4.5,4.5,0.0,13.5,0
Junior Guerra,33,4,5,.444,3.05,0,82.2,68,29,28,10,31,0,80,136,4.00,1.198,7.4,1.1,3.4,8.7,2.58
Tayron Guerrero,27,1,2,.333,4.50,0,38.0,37,22,19,3,22,1,52,83,3.27,1.553,8.8,0.7,5.2,12.3,2.36
Preston Guilmet,30,0,1,.000,11.74,0,7.2,13,10,10,4,3,1,6,38,9.48,2.087,15.3,4.7,3.5,7.0,2.00
Brandon Guyer,32,0,0,0,0.00,0,1.0,0,0,0,0,0,0,0,0,3.09,0.000,0.0,0.0,0.0,0.0,0
Jedd Gyorko,29,0,0,0,9.00,0,1.0,2,1,1,1,0,0,0,60,19.09,2.000,18.0,9.0,0.0,0.0,0
Josh Hader,24,2,0,1.000,1.30,7,41.2,15,7,6,2,17,0,81,322,1.05,0.768,3.2,0.4,3.7,17.5,4.76
David Hale,30,0,0,0,6.75,0,8.0,11,6,6,3,4,0,7,67,8.09,1.875,12.4,3.4,4.5,7.9,1.75
Justin Haley,27,0,0,0,5.40,0,5.0,6,3,3,2,1,0,0,86,8.89,1.400,10.8,3.6,1.8,0.0,0.00
Cole Hamels,34,4,6,.400,3.61,0,97.1,87,45,39,20,37,0,97,125,5.21,1.274,8.0,1.8,3.4,9.0,2.62
Jason Hammel,35,2,9,.182,5.34,0,94.1,112,62,56,10,30,2,62,77,4.20,1.505,10.7,1.0,2.9,5.9,2.07
Justin Hancock,27,0,0,0,1.46,0,12.1,5,2,2,1,9,0,11,292,4.55,1.135,3.6,0.7,6.6,8.0,1.22
Brad Hand,28,1,4,.200,2.75,22,39.1,26,18,12,5,15,1,57,145,3.44,1.042,5.9,1.1,3.4,13.0,3.80
J.A. Happ,35,10,3,.769,3.62,0,97.0,76,42,39,13,27,0,106,116,3.57,1.062,7.1,1.2,2.5,9.8,3.93
Blaine Hardy,31,3,1,.750,3.59,0,47.2,47,22,19,6,13,1,34,121,4.24,1.259,8.9,1.1,2.5,6.4,2.62
Will Harris,33,3,3,.500,4.30,0,29.1,30,14,14,3,7,1,36,88,2.78,1.261,9.2,0.9,2.1,11.0,5.14
Donnie Hart,27,0,0,0,3.68,0,7.1,12,4,3,0,2,0,3,115,3.09,1.909,14.7,0.0,2.5,3.7,1.50
Matt Harvey,29,3,5,.375,5.28,0,75.0,78,45,44,13,21,0,54,76,4.94,1.320,9.4,1.6,2.5,6.5,2.57
Chris Hatcher,33,3,2,.600,3.58,0,27.2,34,14,11,4,13,0,22,112,4.79,1.699,11.1,1.3,4.2,7.2,1.69
Andrew Heaney,27,4,5,.444,3.95,0,82.0,75,42,36,11,24,0,76,101,4.00,1.207,8.2,1.2,2.6,8.3,3.17
Jeremy Hellickson,31,2,0,1.000,2.28,0,43.1,34,12,11,4,6,0,34,181,3.27,0.923,7.1,0.8,1.2,7.1,5.67
Heath Hembree,29,3,1,.750,3.71,0,34.0,27,14,14,4,15,1,43,119,3.41,1.235,7.1,1.1,4.0,11.4,2.87
Kyle Hendricks,28,5,8,.385,4.21,0,92.0,84,45,43,16,29,4,70,99,4.87,1.228,8.2,1.6,2.8,6.8,2.41
Liam Hendriks,29,0,0,0,7.36,0,11.0,17,9,9,3,7,0,12,56,6.36,2.182,13.9,2.5,5.7,9.8,1.71
David Hernandez,33,2,0,1.000,1.63,0,27.2,17,6,5,0,11,1,29,253,2.40,1.012,5.5,0.0,3.6,9.4,2.64
Elieser Hernandez,23,0,5,.000,5.05,0,35.2,41,20,20,5,14,2,22,74,4.94,1.542,10.3,1.3,3.5,5.6,1.57
Felix Hernandez,32,7,6,.538,5.10,0,95.1,94,58,54,13,35,0,80,78,4.57,1.353,8.9,1.2,3.3,7.6,2.29
Kelvin Herrera,28,2,1,.667,1.52,14,29.2,22,5,5,3,4,0,25,278,3.12,0.876,6.7,0.9,1.2,7.6,6.25
David Hess,24,2,5,.286,5.94,0,47.0,53,31,31,10,19,2,26,68,6.09,1.532,10.1,1.9,3.6,5.0,1.37
Jordan Hicks,21,3,1,.750,2.66,1,40.2,24,14,12,1,23,1,34,148,3.73,1.156,5.3,0.2,5.1,7.5,1.48
Trevor Hildenberger,27,1,1,.500,2.06,0,39.1,28,9,9,5,8,3,33,202,3.83,0.915,6.4,1.1,1.8,7.6,4.13
Rich Hill,38,1,3,.250,4.68,0,42.1,44,23,22,9,16,3,46,83,5.17,1.417,9.4,1.9,3.4,9.8,2.88
Tim Hill,28,1,2,.333,5.70,1,23.2,25,18,15,2,9,0,24,73,3.55,1.437,9.5,0.8,3.4,9.1,2.67
Yoshihisa Hirano,34,2,0,1.000,1.23,0,36.2,22,5,5,2,13,1,34,353,3.09,0.955,5.4,0.5,3.2,8.3,2.62
Jeff Hoffman,25,0,0,0,10.13,0,5.1,7,6,6,0,6,1,3,49,5.34,2.438,11.8,0.0,10.1,5.1,0.50
Bryan Holaday,30,0,0,0,0.00,0,1.0,0,0,0,0,0,0,1,0,1.09,0.000,0.0,0.0,0.0,9.0,0
Jonathan Holder,25,1,1,.500,1.78,0,30.1,17,10,6,1,4,1,30,238,2.03,0.692,5.0,0.3,1.2,8.9,7.50
Derek Holland,31,5,7,.417,4.24,0,85.0,78,44,40,12,33,1,79,92,4.26,1.306,8.3,1.3,3.5,8.4,2.39
Greg Holland,32,0,2,.000,7.00,0,18.0,22,15,14,1,15,1,17,57,4.42,2.056,11.0,0.5,7.5,8.5,1.13
Clay Holmes,25,0,0,0,2.25,0,4.0,2,1,1,0,3,0,2,192,4.34,1.250,4.5,0.0,6.8,4.5,0.67
J.J. Hoover,30,0,1,.000,20.25,0,1.1,4,3,3,1,2,0,0,26,17.34,4.500,27.0,6.8,13.5,0.0,0.00
Adrian Houser,25,0,0,0,1.00,0,9.0,5,1,1,0,2,0,6,431,2.75,0.778,5.0,0.0,2.0,6.0,3.00
Sam Howard,25,0,0,0,0.00,0,1.0,1,0,0,0,0,0,0,0,3.09,1.000,9.0,0.0,0.0,0.0,0
James Hoyt,31,0,0,0,0.00,0,0.1,1,0,0,0,1,0,0,0,12.09,6.000,27.0,0.0,27.0,0.0,0.00
Chih-Wei Hu,24,0,0,0,10.13,0,2.2,3,3,3,1,1,0,2,44,7.59,1.500,10.1,3.4,3.4,6.8,2.00
Daniel Hudson,31,2,2,.500,3.90,0,30.0,28,17,13,2,16,1,28,100,3.79,1.467,8.4,0.6,4.8,8.4,1.75
Jared Hughes,32,2,2,.500,1.27,5,42.2,33,6,6,1,11,1,30,323,2.90,1.031,7.0,0.2,2.3,6.3,2.73
Phil Hughes,32,0,0,0,6.53,0,20.2,27,15,15,7,8,1,19,64,6.96,1.694,11.8,3.0,3.5,8.3,2.38
Tommy Hunter,31,2,0,1.000,5.09,1,23.0,31,14,13,1,3,0,21,79,2.35,1.478,12.1,0.4,1.2,8.2,7.00
Drew Hutchison,27,1,1,.500,4.64,0,21.1,21,11,11,4,13,0,19,87,5.71,1.594,8.9,1.7,5.5,8.0,1.46
Raisel Iglesias,28,1,1,.500,2.08,15,34.2,24,8,8,4,12,0,38,197,3.52,1.038,6.2,1.0,3.1,9.9,3.17
Greg Infante,30,1,1,.500,8.00,0,9.0,12,8,8,0,8,2,6,53,4.42,2.222,12.0,0.0,8.0,6.0,0.75
Edwin Jackson,34,0,0,0,1.50,0,6.0,6,1,1,0,0,0,7,280,0.75,1.000,9.0,0.0,0.0,10.5,0
Luke Jackson,26,1,0,1.000,3.48,1,10.1,6,4,4,1,7,1,13,116,4.15,1.258,5.2,0.9,6.1,11.3,1.86
Kenley Jansen,30,0,1,.000,2.37,21,38.0,26,12,10,4,9,0,37,164,3.22,0.921,6.2,0.9,2.1,8.8,4.11
Jeremy Jeffress,30,5,1,.833,1.12,3,40.1,21,6,5,3,12,2,43,374,2.82,0.818,4.7,0.7,2.7,9.6,3.58
Dan Jennings,31,3,2,.600,3.72,0,38.2,42,19,16,3,14,1,29,112,3.68,1.448,9.8,0.7,3.3,6.8,2.07
Kevin Jepsen,33,0,3,.000,5.94,0,16.2,15,13,11,4,11,1,8,77,7.41,1.560,8.1,2.2,5.9,4.3,0.73
Jake Jewell,25,0,1,.000,9.00,0,2.0,2,2,2,0,1,0,1,53,6.59,1.500,9.0,0.0,4.5,4.5,1.00
Joe Jimenez,23,3,0,1.000,2.58,2,38.1,31,15,11,1,9,2,43,169,2.04,1.043,7.3,0.2,2.1,10.1,4.78
Brian Johnson,27,1,2,.333,4.28,0,40.0,45,19,19,5,11,0,35,103,3.79,1.400,10.1,1.1,2.5,7.9,3.18
Jim Johnson,35,2,2,.500,3.93,1,34.1,33,18,15,4,13,1,31,103,3.93,1.340,8.7,1.0,3.4,8.1,2.38
Pierce Johnson,27,3,2,.600,5.85,0,32.1,24,21,21,2,17,1,20,67,4.23,1.268,6.7,0.6,4.7,5.6,1.18
Nate Jones,32,2,2,.500,2.55,4,24.2,20,11,7,3,14,0,27,160,4.55,1.378,7.3,1.1,5.1,9.9,1.93
Jakob Junis,25,5,9,.357,4.67,0,96.1,95,50,50,22,27,1,90,88,5.22,1.266,8.9,2.1,2.5,8.4,3.33
Ariel Jurado,22,0,1,.000,7.71,0,4.2,6,4,4,0,2,1,2,62,3.52,1.714,11.6,0.0,3.9,3.9,1.00
Tommy Kahnle,28,1,0,1.000,7.00,0,9.0,6,11,7,1,10,0,10,62,5.64,1.778,6.0,1.0,10.0,10.0,1.00
Keone Kela,25,3,3,.500,3.41,20,29.0,21,11,11,2,11,1,36,133,2.64,1.103,6.5,0.6,3.4,11.2,3.27
Brad Keller,22,2,2,.500,2.25,0,48.0,41,12,12,1,18,1,30,184,3.30,1.229,7.7,0.2,3.4,5.6,1.67
Shawn Kelley,34,0,0,0,3.72,0,19.1,15,8,8,5,5,1,21,112,5.05,1.034,7.0,2.3,2.3,9.8,4.20
Joe Kelly,30,3,0,1.000,3.38,2,34.2,22,14,13,2,16,0,34,130,3.43,1.096,5.7,0.5,4.2,8.8,2.13
Ian Kennedy,33,1,8,.111,5.11,0,91.2,97,54,52,17,33,2,84,81,4.78,1.418,9.5,1.7,3.2,8.2,2.55
Clayton Kershaw,30,1,4,.200,2.84,0,57.0,53,18,18,7,12,0,63,137,3.11,1.140,8.4,1.1,1.9,9.9,5.25
Dallas Keuchel,30,4,8,.333,4.22,0,102.1,109,52,48,12,28,0,80,89,3.90,1.339,9.6,1.1,2.5,7.0,2.86
Craig Kimbrel,30,1,1,.500,2.16,24,33.1,16,8,8,5,13,0,49,204,3.27,0.870,4.3,1.4,3.5,13.2,3.77
Nick Kingham,26,2,3,.400,3.82,0,35.1,28,16,15,4,7,1,35,104,3.34,0.991,7.1,1.0,1.8,8.9,5.00
Tyler Kinley,27,0,0,0,24.30,0,3.1,9,9,9,2,4,0,4,19,12.09,3.900,24.3,5.4,10.8,10.8,1.00
Brandon Kintzler,33,1,2,.333,4.30,2,29.1,30,14,14,1,12,3,21,97,3.63,1.432,9.2,0.3,3.7,6.4,1.75
Andrew Kittredge,28,1,2,.333,9.72,0,16.2,26,19,18,3,7,2,11,41,5.37,1.980,14.0,1.6,3.8,5.9,1.57
Corey Kluber,32,11,4,.733,2.54,0,113.1,84,34,32,16,13,0,115,174,3.26,0.856,6.7,1.3,1.0,9.1,8.85
Corey Knebel,26,1,0,1.000,3.38,8,18.2,10,7,7,4,9,0,29,125,4.37,1.018,4.8,1.9,4.3,14.0,3.22
Matt Koch,27,5,4,.556,4.40,0,71.2,69,38,35,16,17,1,38,98,5.89,1.200,8.7,2.0,2.1,4.8,2.24
George Kontos,33,2,3,.400,4.94,1,23.2,26,14,13,5,7,0,13,84,6.00,1.394,9.9,1.9,2.7,4.9,1.86
Ian Krol,27,0,0,0,0.00,0,2.0,1,0,0,0,1,0,2,0,2.59,1.000,4.5,0.0,4.5,9.0,2.00
Chad Kuhl,25,5,5,.500,4.55,0,85.0,89,47,43,14,33,1,81,87,4.63,1.435,9.4,1.5,3.5,8.6,2.45
Ryan LaMarre,29,0,0,0,13.50,0,0.2,1,1,1,1,0,0,0,48,22.59,1.500,13.5,13.5,0.0,0.0,0
John Lamb,27,0,1,.000,7.20,0,10.0,15,10,8,4,4,1,11,58,7.29,1.900,13.5,3.6,3.6,9.9,2.75
Eric Lauer,23,3,5,.375,5.08,0,62.0,82,40,35,10,27,2,54,78,4.75,1.758,11.9,1.5,3.9,7.8,2.00
Derek Law,27,0,0,0,7.00,0,9.0,12,9,7,0,4,0,10,58,2.53,1.778,12.0,0.0,4.0,10.0,2.50
Casey Lawrence,30,0,0,0,10.13,0,8.0,10,9,9,0,4,0,7,41,3.59,1.750,11.3,0.0,4.5,7.9,1.75
Mike Leake,30,8,4,.667,4.01,0,107.2,106,50,48,15,24,1,66,99,4.43,1.207,8.9,1.3,2.0,5.5,2.75
Wade LeBlanc,33,3,0,1.000,3.38,0,72.0,72,28,27,9,15,1,56,118,3.82,1.208,9.0,1.1,1.9,7.0,3.73
Jose Leclerc,24,2,2,.500,2.48,0,29.0,14,14,8,0,17,1,39,183,2.26,1.069,4.3,0.0,5.3,12.1,2.29
Mark Leiter,27,0,0,0,4.50,0,8.0,8,4,4,2,2,0,9,93,4.84,1.250,9.0,2.3,2.3,10.1,4.50
Dominic Leone,26,1,2,.333,4.15,0,13.0,15,6,6,3,3,2,15,97,4.47,1.385,10.4,2.1,2.1,10.4,5.00
Jon Lester,34,10,2,.833,2.18,0,95.0,71,27,23,10,32,1,74,191,4.07,1.084,6.7,0.9,3.0,7.0,2.31
Artie Lewicki,26,0,2,.000,5.46,0,28.0,38,20,17,4,10,1,20,80,4.59,1.714,12.2,1.3,3.2,6.4,2.00
Adam Liberatore,31,2,1,.667,2.77,0,13.0,10,4,4,1,8,0,12,143,4.32,1.385,6.9,0.7,5.5,8.3,1.50
Francisco Liriano,34,3,4,.429,3.99,0,67.2,52,31,30,9,36,0,52,109,4.96,1.300,6.9,1.2,4.8,6.9,1.44
Zack Littell,22,0,1,.000,18.00,0,3.0,6,6,6,1,4,0,1,26,10.75,3.333,18.0,3.0,12.0,3.0,0.25
Ben Lively,26,0,2,.000,6.85,0,23.2,34,18,18,4,10,1,22,59,5.07,1.859,12.9,1.5,3.8,8.4,2.20
Jonathan Loaisiga,23,2,0,1.000,1.93,0,14.0,10,3,3,0,8,0,18,223,2.23,1.286,6.4,0.0,5.1,11.6,2.25
Walker Lockett,24,0,1,.000,9.82,0,3.2,4,4,4,0,5,0,2,44,6.09,2.455,9.8,0.0,12.3,4.9,0.40
Boone Logan,33,1,0,1.000,5.91,0,10.2,15,7,7,3,10,3,14,72,7.21,2.344,12.7,2.5,8.4,11.8,1.40
Jorge Lopez,25,0,0,0,3.65,0,12.1,13,5,5,1,9,0,12,117,4.39,1.784,9.5,0.7,6.6,8.8,1.33
Reynaldo Lopez,24,3,5,.375,3.73,0,94.0,81,45,39,11,39,0,67,108,4.62,1.277,7.8,1.1,3.7,6.4,1.72
Michael Lorenzen,26,1,0,1.000,1.93,1,23.1,18,5,5,0,10,0,12,214,3.47,1.200,6.9,0.0,3.9,4.6,1.20
Aaron Loup,30,0,0,0,4.18,0,28.0,30,16,13,2,9,0,30,102,3.05,1.393,9.6,0.6,2.9,9.6,3.33
Josh Lucas,27,0,0,0,4.05,0,13.1,12,7,6,1,7,0,13,100,3.91,1.425,8.1,0.7,4.7,8.8,1.86
Joey Lucchesi,25,3,3,.500,3.57,0,53.0,47,23,21,10,19,0,55,111,4.60,1.245,8.0,1.7,3.2,9.3,2.89
Seth Lugo,28,2,3,.400,2.76,0,58.2,48,23,18,7,15,3,63,138,3.36,1.074,7.4,1.1,2.3,9.7,4.20
Jordan Lyles,27,2,4,.333,4.46,0,66.2,67,34,33,12,18,0,56,89,4.60,1.275,9.0,1.6,2.4,7.6,3.11
Lance Lynn,31,5,6,.455,4.81,0,78.2,80,44,42,7,47,2,81,86,4.13,1.614,9.2,0.8,5.4,9.3,1.72
Tyler Lyons,30,1,0,1.000,5.93,0,13.2,16,9,9,3,6,1,15,68,5.50,1.610,10.5,2.0,4.0,9.9,2.50
Ryan Madson,37,2,3,.400,4.61,3,27.1,32,15,14,3,9,2,28,90,3.56,1.500,10.5,1.0,3.0,9.2,3.11
Kenta Maeda,30,5,4,.556,3.44,0,68.0,62,29,26,5,27,2,80,113,2.97,1.309,8.2,0.7,3.6,10.6,2.96
Matt Magill,28,2,1,.667,3.00,0,30.0,25,10,10,6,4,0,29,139,4.45,0.967,7.5,1.8,1.2,8.7,7.25
Tyler Mahle,23,6,6,.500,3.98,0,86.0,85,40,38,15,36,3,81,102,4.80,1.407,8.9,1.6,3.8,8.5,2.25
Kazuhisa Makita,33,0,1,.000,5.92,0,24.1,24,16,16,5,7,2,26,68,4.61,1.274,8.9,1.8,2.6,9.6,3.71
Sean Manaea,26,8,6,.571,3.38,0,106.2,83,42,40,15,20,0,77,117,4.23,0.966,7.0,1.3,1.7,6.5,3.85
Brandon Mann,34,0,0,0,1.50,0,6.0,4,1,1,1,2,0,1,316,6.42,1.000,6.0,1.5,3.0,1.5,0.50
Dillon Maples,26,0,0,0,0.00,0,2.0,0,0,0,0,2,0,3,0,4.59,1.000,0.0,0.0,9.0,13.5,1.50
German Marquez,23,5,8,.385,5.53,0,83.0,94,55,51,14,35,3,84,85,4.67,1.554,10.2,1.5,3.8,9.1,2.40
Evan Marshall,28,0,0,0,7.71,0,7.0,12,6,6,0,4,0,9,60,2.66,2.286,15.4,0.0,5.1,11.6,2.25
Chris Martin,32,1,1,.500,4.30,0,23.0,25,11,11,2,3,0,20,106,3.13,1.217,9.8,0.8,1.2,7.8,6.67
Carlos Martinez,26,4,4,.500,3.22,0,72.2,61,31,26,3,43,1,73,122,3.80,1.431,7.6,0.4,5.3,9.0,1.70
Phil Maton,25,0,0,0,1.53,0,17.2,20,4,3,0,8,0,18,263,2.75,1.585,10.2,0.0,4.1,9.2,2.25
Steven Matz,27,3,5,.375,3.69,0,78.0,67,38,32,13,30,1,70,103,4.88,1.244,7.7,1.5,3.5,8.1,2.33
Brandon Maurer,27,0,3,.000,10.80,0,8.1,13,10,10,4,7,0,7,40,10.17,2.400,14.0,4.3,7.6,7.6,1.00
Mike Mayers,26,2,0,1.000,2.81,1,25.2,23,9,8,3,6,0,25,141,3.36,1.130,8.1,1.1,2.1,8.8,4.17
Tim Mayza,26,1,0,1.000,4.22,0,10.2,14,5,5,3,2,0,9,103,5.90,1.500,11.8,2.5,1.7,7.6,4.50
Cory Mazzoni,28,1,0,1.000,1.17,0,7.2,5,1,1,0,5,1,5,369,3.74,1.304,5.9,0.0,5.9,5.9,1.00
Zach McAllister,30,0,2,.000,5.85,0,32.1,37,23,21,7,7,1,28,76,4.91,1.361,10.3,1.9,1.9,7.8,4.00
Brandon McCarthy,34,6,3,.667,4.92,0,78.2,94,45,43,15,21,0,65,80,4.72,1.462,10.8,1.7,2.4,7.4,3.10
Kevin McCarthy,26,4,3,.571,3.31,0,35.1,28,15,13,2,12,1,21,126,3.74,1.132,7.1,0.5,3.1,5.3,1.75
Lance McCullers,24,9,3,.750,3.55,0,101.1,79,44,40,10,38,0,106,106,3.52,1.155,7.0,0.9,3.4,9.4,2.79
T.J. McFarland,29,2,1,.667,2.10,1,51.1,50,13,12,4,11,0,27,206,3.69,1.188,8.8,0.7,1.9,4.7,2.45
Jake McGee,31,1,2,.333,5.70,1,30.0,36,21,19,5,7,0,27,83,4.35,1.433,10.8,1.5,2.1,8.1,3.86
Kyle McGrath,25,0,0,0,4.50,0,4.0,3,2,2,2,3,0,4,96,9.84,1.500,6.8,4.5,6.8,9.0,1.33
Deck McGuire,29,0,0,0,6.08,0,13.1,13,10,9,5,6,0,8,72,8.11,1.425,8.8,3.4,4.1,5.4,1.33
Collin McHugh,31,3,0,1.000,0.97,0,37.0,21,6,4,2,9,0,51,389,2.01,0.811,5.1,0.5,2.2,12.4,5.67
Kris Medlen,32,0,1,.000,15.75,0,4.0,9,7,7,0,4,0,4,30,4.09,3.250,20.3,0.0,9.0,9.0,1.00
Ryan Meisinger,24,0,0,0,5.40,0,1.2,2,1,1,1,0,0,1,92,9.69,1.200,10.8,5.4,0.0,5.4,0
Mark Melancon,33,0,0,0,2.61,1,10.1,10,3,3,0,3,0,8,155,2.70,1.258,8.7,0.0,2.6,7.0,2.67
Yohander Mendez,23,0,1,.000,14.73,0,3.2,8,6,6,1,2,0,1,33,7.72,2.727,19.6,2.5,4.9,2.5,0.50
Daniel Mengden,25,6,6,.500,4.47,0,90.2,87,50,45,15,19,0,55,89,4.72,1.169,8.6,1.5,1.9,5.5,2.89
Ben Meyer,25,0,0,0,3.38,0,8.0,5,4,3,0,5,1,3,115,4.21,1.250,5.6,0.0,5.6,3.4,0.60
Keynan Middleton,24,0,0,0,2.04,6,17.2,14,4,4,1,9,1,16,200,3.71,1.302,7.1,0.5,4.6,8.2,1.78
Miles Mikolas,29,8,3,.727,2.61,0,103.1,89,33,30,8,13,1,72,150,3.19,0.987,7.8,0.7,1.1,6.3,5.54
Wade Miley,31,1,0,1.000,1.42,0,6.1,4,1,1,0,4,0,4,308,3.72,1.263,5.7,0.0,5.7,5.7,1.00
Andrew Miller,33,1,3,.250,4.40,1,14.1,13,7,7,1,10,1,23,103,3.30,1.605,8.2,0.6,6.3,14.4,2.30
Justin Miller,31,5,0,1.000,2.75,0,19.2,13,6,6,3,5,0,30,152,2.78,0.915,5.9,1.4,2.3,13.7,6.00
Shelby Miller,27,0,1,.000,12.27,0,3.2,6,5,5,1,2,0,5,38,5.54,2.182,14.7,2.5,4.9,12.3,2.50
Hoby Milner,27,0,0,0,7.71,0,4.2,6,4,4,1,3,1,4,56,6.73,1.929,11.6,1.9,5.8,7.7,1.33
Juan Minaya,27,0,2,.000,4.50,0,14.0,11,8,7,0,13,0,19,92,3.37,1.714,7.1,0.0,8.4,12.2,1.46
Mike Minor,30,6,4,.600,4.64,0,85.1,81,45,44,12,19,0,70,97,4.15,1.172,8.5,1.3,2.0,7.4,3.68
A.J. Minter,24,3,1,.750,2.91,2,34.0,30,11,11,1,14,1,36,135,2.68,1.294,7.9,0.3,3.7,9.5,2.57
Ariel Miranda,29,0,0,0,1.80,0,5.0,6,1,1,0,4,0,5,236,3.49,2.000,10.8,0.0,7.2,9.0,1.25
Bryan Mitchell,27,0,3,.000,7.08,0,48.1,63,39,38,9,35,1,23,56,6.85,2.028,11.7,1.7,6.5,4.3,0.66
Frankie Montas,25,4,1,.800,3.68,0,36.2,40,17,15,2,13,0,22,108,3.82,1.445,9.8,0.5,3.2,5.4,1.69
Jordan Montgomery,25,2,0,1.000,3.62,0,27.1,25,11,11,3,12,0,23,117,4.15,1.354,8.2,1.0,4.0,7.6,1.92
Mike Montgomery,28,3,2,.600,3.55,0,66.0,58,28,26,6,22,2,45,117,4.00,1.212,7.9,0.8,3.0,6.1,2.05
Matt Moore,29,1,5,.167,7.51,0,62.1,93,57,52,9,27,0,48,60,4.92,1.925,13.4,1.3,3.9,6.9,1.78
Kendrys Morales,35,0,0,0,0.00,0,1.0,0,0,0,0,1,0,0,0,6.09,1.000,0.0,0.0,9.0,0.0,0.00
Adam Morgan,28,0,2,.000,5.48,1,21.1,23,15,13,4,11,2,20,74,5.20,1.594,9.7,1.7,4.6,8.4,1.82
Mike Morin,27,0,0,0,4.50,0,2.0,3,1,1,0,1,1,3,105,1.59,2.000,13.5,0.0,4.5,13.5,3.00
Reyes Moronta,25,4,1,.800,1.96,1,36.2,19,10,8,1,19,1,42,200,2.71,1.036,4.7,0.2,4.7,10.3,2.21
Akeel Morris,25,0,0,0,5.79,0,14.0,18,9,9,3,8,0,7,71,6.59,1.857,11.6,1.9,5.1,4.5,0.88
Brandon Morrow,33,0,0,0,1.54,17,23.1,18,4,4,1,9,0,25,272,2.79,1.157,6.9,0.4,3.5,9.6,2.78
Charlie Morton,34,10,1,.909,2.54,0,95.2,67,30,27,11,39,0,122,148,3.54,1.108,6.3,1.0,3.7,11.5,3.13
Taylor Motter,28,0,0,0,9.00,0,1.0,1,1,1,1,1,0,1,61,20.09,2.000,9.0,9.0,9.0,9.0,1.00
Gabriel Moya,23,0,0,0,10.80,0,5.0,6,6,6,3,2,0,6,41,9.69,1.600,10.8,5.4,3.6,10.8,3.00
Peter Moylan,39,0,1,.000,4.56,0,25.2,29,13,13,3,17,3,23,87,5.04,1.792,10.2,1.1,6.0,8.1,1.35
Harrison Musgrave,26,0,3,.000,4.63,0,23.1,17,12,12,4,11,1,18,103,5.32,1.200,6.6,1.5,4.2,6.9,1.64
Joe Musgrove,25,3,3,.500,3.79,0,40.1,45,19,17,3,11,2,36,105,3.31,1.388,10.0,0.7,2.5,8.0,3.27
Zach Neal,29,0,0,0,9.00,0,1.0,2,1,1,1,0,0,0,60,16.09,2.000,18.0,9.0,0.0,0.0,0
Hector Neris,29,1,3,.250,6.90,10,30.0,35,23,23,11,11,1,41,58,6.32,1.533,10.5,3.3,3.3,12.3,3.73
Dovydas Neverauskas,25,0,0,0,10.64,0,11.0,15,13,13,3,6,0,9,38,6.91,1.909,12.3,2.5,4.9,7.4,1.50
Sean Newcomb,25,8,2,.800,2.71,0,93.0,70,31,28,7,40,0,90,144,3.42,1.183,6.8,0.7,3.9,8.7,2.25
Juan Nicasio,31,1,4,.200,6.19,1,32.0,39,23,22,4,3,0,40,65,2.68,1.313,11.0,1.1,0.8,11.3,13.33
Aaron Nola,25,10,2,.833,2.48,0,109.0,79,30,30,6,31,1,107,161,2.75,1.009,6.5,0.5,2.6,8.8,3.45
Bud Norris,33,3,2,.600,3.21,15,33.2,28,13,12,4,5,0,44,123,2.64,0.980,7.5,1.1,1.3,11.8,8.80
Daniel Norris,25,0,2,.000,5.87,0,15.1,16,10,10,3,9,0,18,75,5.24,1.630,9.4,1.8,5.3,10.6,2.00
Ivan Nova,31,4,5,.444,4.02,0,87.1,90,44,39,12,15,2,68,98,3.94,1.202,9.3,1.2,1.5,7.0,4.53
Vidal Nuno,30,1,0,1.000,1.56,0,17.1,9,3,3,2,8,2,11,256,4.70,0.981,4.7,1.0,4.2,5.7,1.38
Darren O'Day,35,0,2,.000,3.60,2,20.0,18,9,8,3,4,1,27,114,3.39,1.100,8.1,1.4,1.8,12.2,6.75
Chris O'Grady,28,0,1,.000,6.43,0,7.0,7,5,5,2,4,0,8,61,6.23,1.571,9.0,2.6,5.1,10.3,2.00
Trevor Oaks,25,0,1,.000,7.45,0,9.2,19,8,8,1,2,0,8,57,3.40,2.172,17.7,0.9,1.9,7.4,4.00
Scott Oberg,28,1,0,1.000,3.79,0,19.0,16,9,8,0,7,0,13,126,3.30,1.211,7.6,0.0,3.3,6.2,1.86
Jake Odorizzi,28,3,5,.375,4.62,0,85.2,84,47,44,14,39,2,88,89,4.70,1.436,8.8,1.5,4.1,9.2,2.26
Alexi Ogando,34,0,1,.000,18.00,0,1.0,2,2,2,0,3,0,1,33,10.09,5.000,18.0,0.0,27.0,9.0,0.33
Seunghwan Oh,35,3,2,.600,3.13,2,37.1,32,13,13,5,10,1,45,135,3.46,1.125,7.7,1.2,2.4,10.8,4.50
Shohei Ohtani,23,4,1,.800,3.10,0,49.1,36,17,17,5,20,0,61,130,3.21,1.135,6.6,0.9,3.6,11.1,3.05
Tyler Olson,28,1,1,.500,7.27,0,17.1,20,15,14,3,8,1,23,62,4.07,1.615,10.4,1.6,4.2,11.9,2.88
Josh Osich,29,0,0,0,8.25,0,12.0,20,11,11,2,7,0,10,49,5.84,2.250,15.0,1.5,5.3,7.5,1.43
Roberto Osuna,23,0,0,0,2.93,9,15.1,16,5,5,0,1,0,13,146,1.98,1.109,9.4,0.0,0.6,7.6,13.00
Corey Oswalt,24,0,1,.000,9.82,0,7.1,8,8,8,3,2,0,5,41,8.27,1.364,9.8,3.7,2.5,6.1,2.50
Dan Otero,33,1,1,.500,6.04,0,28.1,28,21,19,6,3,2,18,74,5.10,1.094,8.9,1.9,1.0,5.7,6.00
Adam Ottavino,32,4,1,.800,1.46,1,37.0,14,6,6,1,16,2,58,325,1.84,0.811,3.4,0.2,3.9,14.1,3.63
Emilio Pagan,27,1,0,1.000,2.94,0,33.2,30,11,11,6,11,1,33,136,4.60,1.218,8.0,1.6,2.9,8.8,3.00
Eduardo Paredes,23,0,0,0,7.04,0,15.1,23,12,12,3,6,0,13,58,5.11,1.891,13.5,1.8,3.5,7.6,2.17
Edward Paredes,31,2,0,1.000,3.86,0,7.0,4,3,3,1,1,0,8,106,3.52,0.714,5.1,1.3,1.3,10.3,8.00
Blake Parker,33,1,1,.500,3.20,9,39.1,33,14,14,6,13,1,47,126,3.67,1.169,7.6,1.4,3.0,10.8,3.62
James Paxton,29,7,2,.778,3.65,0,103.2,85,42,42,13,30,0,134,109,3.03,1.109,7.4,1.1,2.6,11.6,4.47
James Pazos,27,2,1,.667,1.91,0,28.1,24,6,6,1,4,0,26,210,2.56,0.988,7.6,0.3,1.3,8.3,6.50
Brad Peacock,30,1,3,.250,2.06,1,35.0,23,8,8,5,8,0,50,184,2.95,0.886,5.9,1.3,2.1,12.9,6.25
Felix Pena,28,1,0,1.000,3.71,0,17.0,20,7,7,3,5,0,19,110,4.21,1.471,10.6,1.6,2.6,10.1,3.80
Cliff Pennington,34,0,0,0,9.00,0,1.0,1,1,1,0,2,0,1,62,7.09,3.000,9.0,0.0,18.0,9.0,0.50
Freddy Peralta,22,3,0,1.000,1.59,0,22.2,7,4,4,1,9,0,35,265,1.76,0.706,2.8,0.4,3.6,13.9,3.89
Wandy Peralta,26,1,2,.333,6.14,0,29.1,31,22,20,1,25,2,21,67,4.86,1.909,9.5,0.3,7.7,6.4,0.84
Wily Peralta,29,0,0,0,1.93,2,4.2,3,1,1,0,4,1,6,230,3.09,1.500,5.8,0.0,7.7,11.6,1.50
Luis Perdomo,25,1,2,.333,8.36,0,14.0,26,15,13,1,9,1,17,48,3.73,2.500,16.7,0.6,5.8,10.9,1.89
Hernan Perez,27,0,0,0,0.00,0,0.1,0,0,0,0,0,0,0,0,3.09,0.000,0.0,0.0,0.0,0.0,0
Martin Perez,27,2,3,.400,9.67,0,22.1,41,25,24,7,12,0,13,47,7.88,2.373,16.5,2.8,4.8,5.2,1.08
Oliver Perez,36,0,0,0,0.93,0,9.2,4,1,1,0,2,1,11,490,1.43,0.621,3.7,0.0,1.9,10.2,5.50
Dillon Peters,25,2,2,.500,6.31,0,25.2,29,18,18,4,13,0,16,59,5.50,1.636,10.2,1.4,4.6,5.6,1.23
Tim Peterson,27,1,0,1.000,1.59,0,11.1,6,2,2,2,2,1,12,246,3.79,0.706,4.8,1.6,1.6,9.5,6.00
Yusmeiro Petit,33,2,2,.500,3.66,0,46.2,46,20,19,6,8,2,31,109,3.95,1.157,8.9,1.2,1.5,6.0,3.88
Jake Petricka,30,0,0,0,5.40,0,8.1,18,9,5,1,2,0,6,81,3.93,2.400,19.4,1.1,2.2,6.5,3.00
Nick Pivetta,25,4,7,.364,4.71,0,86.0,87,45,45,13,26,0,103,85,3.67,1.314,9.1,1.4,2.7,10.8,3.96
Adam Plutko,26,4,1,.800,4.65,0,31.0,30,16,16,8,8,0,22,96,5.80,1.226,8.7,2.3,2.3,6.4,2.75
Drew Pomeranz,29,1,3,.250,6.81,0,37.0,47,29,28,7,21,0,36,65,5.30,1.838,11.4,1.7,5.1,8.8,1.71
Rick Porcello,29,9,3,.750,3.60,0,105.0,95,47,42,10,24,0,99,121,3.41,1.133,8.1,0.9,2.1,8.5,4.13
Brooks Pounders,27,0,1,.000,7.63,0,15.1,25,13,13,3,2,0,17,63,4.20,1.761,14.7,1.8,1.2,10.0,8.50
Bobby Poyner,25,1,0,1.000,1.69,0,10.2,12,2,2,1,1,0,10,267,2.71,1.219,10.1,0.8,0.8,8.4,10.00
Ryan Pressly,29,1,1,.500,4.06,0,37.2,38,18,17,5,16,0,55,102,3.25,1.434,9.1,1.2,3.8,13.1,3.44
David Price,32,9,5,.643,3.66,0,93.1,80,41,38,10,33,0,89,119,3.70,1.211,7.7,1.0,3.2,8.6,2.70
Austin Pruitt,28,2,3,.400,4.00,1,54.0,50,26,24,6,11,0,32,98,4.01,1.130,8.3,1.0,1.8,5.3,2.91
Kevin Quackenbush,29,0,1,.000,11.00,0,9.0,13,11,11,3,6,1,7,38,7.87,2.111,13.0,3.0,6.0,7.0,1.17
Jose Quintana,29,6,6,.500,4.31,0,85.2,81,44,41,12,40,1,80,96,4.48,1.412,8.5,1.3,4.2,8.4,2.00
Tanner Rainey,25,0,0,0,13.50,0,6.0,6,9,9,2,9,1,7,32,9.59,2.500,9.0,3.0,13.5,10.5,0.78
Carlos Ramirez,27,0,0,0,3.24,0,8.1,3,3,3,0,9,0,5,135,5.49,1.440,3.2,0.0,9.7,5.4,0.56
Erasmo Ramirez,28,0,2,.000,10.24,0,9.2,14,11,11,7,1,0,6,40,11.88,1.552,13.0,6.5,0.9,5.6,6.00
J.C. Ramirez,29,0,2,.000,9.45,0,6.2,7,8,7,3,7,0,4,45,10.89,2.100,9.5,4.1,9.5,5.4,0.57
Jose Ramirez,28,0,2,.000,17.05,0,6.1,9,12,12,0,8,2,7,24,5.61,2.684,12.8,0.0,11.4,9.9,0.88
Neil Ramirez,29,0,0,0,2.25,0,16.0,12,4,4,2,4,1,16,200,3.46,1.000,6.8,1.1,2.3,9.0,4.00
Noe Ramirez,28,3,3,.500,4.44,0,46.2,42,24,23,7,17,2,59,91,3.80,1.264,8.1,1.4,3.3,11.4,3.47
Yefry Ramirez,24,0,1,.000,2.89,0,9.1,7,3,3,1,2,0,9,145,3.52,0.964,6.8,1.0,1.9,8.7,4.50
AJ Ramos,31,2,2,.500,6.41,0,19.2,17,14,14,3,15,0,22,60,5.12,1.627,7.8,1.4,6.9,10.1,1.47
Edubray Ramos,25,2,0,1.000,1.24,1,29.0,22,6,4,2,11,2,32,324,3.02,1.138,6.8,0.6,3.4,9.9,2.91
Josh Ravin,30,0,1,.000,6.00,0,3.0,2,2,2,0,2,0,1,73,5.42,1.333,6.0,0.0,6.0,3.0,0.50
Robbie Ray,26,3,0,1.000,4.01,0,33.2,27,16,15,5,19,1,51,108,3.77,1.366,7.2,1.3,5.1,13.6,2.68
Addison Reed,29,1,5,.167,3.38,0,37.1,37,15,14,6,13,3,32,123,4.75,1.339,8.9,1.4,3.1,7.7,2.46
Cody Reed,25,0,0,0,5.40,0,5.0,5,5,3,2,1,0,7,81,6.09,1.200,9.0,3.6,1.8,12.6,7.00
Zac Reininger,25,0,0,0,10.29,0,7.0,10,8,8,2,5,1,4,44,7.80,2.143,12.9,2.6,6.4,5.1,0.80
Alex Reyes,23,0,0,0,0.00,0,4.0,3,0,0,0,2,0,2,0,4.34,1.250,6.8,0.0,4.5,4.5,1.00
Jacob Rhame,25,0,1,.000,6.75,1,13.1,16,10,10,4,4,1,9,58,6.54,1.500,10.8,2.7,2.7,6.1,2.25
Clayton Richard,34,7,7,.500,4.29,0,107.0,99,53,51,10,33,1,84,92,3.85,1.234,8.3,0.8,2.8,7.1,2.55
Garrett Richards,30,4,4,.500,3.42,0,68.1,56,37,26,8,32,0,78,117,3.78,1.288,7.4,1.1,4.2,10.3,2.44
Trevor Richards,25,2,5,.286,5.06,0,48.0,49,28,27,4,22,1,43,74,3.88,1.479,9.2,0.8,4.1,8.1,1.95
Yacksel Rios,25,3,1,.750,5.24,0,22.1,26,13,13,3,8,1,20,77,4.39,1.522,10.5,1.2,3.2,8.1,2.50
Tanner Roark,31,3,9,.250,4.10,0,98.2,89,47,45,13,36,3,84,100,4.41,1.267,8.1,1.2,3.3,7.7,2.33
Daniel Robertson,24,0,0,0,0.00,0,1.0,0,0,0,0,0,0,0,0,3.09,0.000,0.0,0.0,0.0,0.0,0
David Robertson,33,5,2,.714,3.47,1,36.1,26,14,14,2,13,1,44,122,2.45,1.073,6.4,0.5,3.2,10.9,3.38
Hansel Robles,27,2,3,.400,5.01,0,23.1,25,13,13,8,11,1,26,79,6.86,1.543,9.6,3.1,4.2,10.0,2.36
Fernando Rodney,41,2,2,.500,2.96,17,27.1,22,11,9,3,11,0,31,141,3.67,1.207,7.2,1.0,3.6,10.2,2.82
Carlos Rodon,25,1,2,.333,3.70,0,24.1,20,12,10,4,7,0,19,111,4.90,1.110,7.4,1.5,2.6,7.0,2.71
Dereck Rodriguez,26,2,1,.667,3.82,0,30.2,34,16,13,3,7,0,28,103,3.51,1.337,10.0,0.9,2.1,8.2,4.00
Eduardo Rodriguez,25,9,3,.750,4.11,0,87.2,86,41,40,12,28,1,94,107,3.82,1.300,8.8,1.2,2.9,9.7,3.36
Jefry Rodriguez,24,0,0,0,5.93,0,13.2,13,9,9,3,8,2,12,71,6.38,1.537,8.6,2.0,5.3,7.9,1.50
Richard Rodriguez,28,1,2,.333,2.12,0,29.2,26,7,7,3,3,2,40,188,2.11,0.978,7.9,0.9,0.9,12.1,13.33
Chaz Roe,31,1,1,.500,2.81,1,32.0,22,10,10,3,10,0,36,141,3.37,1.000,6.2,0.8,2.8,10.1,3.60
Taylor Rogers,27,1,2,.333,4.22,0,32.0,35,15,15,2,6,1,33,99,2.40,1.281,9.8,0.6,1.7,9.3,5.50
Sal Romano,24,4,8,.333,5.30,0,90.0,96,55,53,15,38,3,67,77,5.10,1.489,9.6,1.5,3.8,6.7,1.76
Enny Romero,27,0,0,0,7.50,0,6.0,12,8,5,1,4,2,7,60,5.42,2.667,18.0,1.5,6.0,10.5,1.75
Fernando Romero,23,3,3,.500,4.38,0,51.1,50,27,25,6,19,1,44,95,4.35,1.344,8.8,1.1,3.3,7.7,2.32
Sergio Romo,35,1,2,.333,4.59,6,33.1,32,17,17,4,13,0,38,86,3.72,1.350,8.6,1.1,3.5,10.3,2.92
Bruce Rondon,27,2,3,.400,6.66,1,25.2,29,21,19,1,19,2,35,61,3.20,1.870,10.2,0.4,6.7,12.3,1.84
Hector Rondon,30,1,2,.333,1.50,5,30.0,26,6,5,1,9,1,38,253,1.89,1.167,7.8,0.3,2.7,11.4,4.22
Randy Rosario,24,3,0,1.000,1.80,0,20.0,15,4,4,2,10,1,11,234,4.79,1.250,6.8,0.9,4.5,5.0,1.10
Tyson Ross,31,5,5,.500,3.32,0,95.0,78,38,35,10,35,2,90,119,3.86,1.189,7.4,0.9,3.3,8.5,2.57
Drew Rucinski,29,2,1,.667,4.26,0,12.2,11,6,6,1,3,1,10,89,3.48,1.105,7.8,0.7,2.1,7.1,3.33
Nick Rumbelow,26,0,0,0,2.08,0,4.1,4,1,1,1,0,0,6,207,3.32,0.923,8.3,2.1,0.0,12.5,0
Chris Rusin,31,0,2,.000,6.55,0,34.1,33,26,25,7,17,0,30,72,5.65,1.456,8.7,1.8,4.5,7.9,1.76
Hyun-Jin Ryu,31,3,0,1.000,2.12,0,29.2,16,7,7,3,10,0,36,184,3.09,0.876,4.9,0.9,3.0,10.9,3.60
Marc Rzepczynski,32,0,1,.000,9.39,0,7.2,13,11,8,2,9,2,10,44,7.39,2.870,15.3,2.3,10.6,11.7,1.11
CC Sabathia,37,5,3,.625,3.02,0,83.1,82,37,28,10,21,0,66,139,4.04,1.236,8.9,1.1,2.3,7.1,3.14
Fernando Salas,33,4,4,.500,3.58,0,37.2,35,15,15,4,11,3,29,121,3.80,1.221,8.4,1.0,2.6,6.9,2.64
Chris Sale,29,7,4,.636,2.56,0,109.0,73,33,31,10,28,0,153,171,2.46,0.927,6.0,0.8,2.3,12.6,5.46
Jeff Samardzija,33,1,4,.200,6.56,0,35.2,37,27,26,6,23,1,26,60,5.84,1.682,9.3,1.5,5.8,6.6,1.13
Aaron Sanchez,25,3,5,.375,4.52,0,79.2,75,43,40,8,45,1,67,93,4.63,1.506,8.5,0.9,5.1,7.6,1.49
Anibal Sanchez,34,3,2,.600,2.68,0,47.0,35,16,14,6,16,0,44,146,4.02,1.085,6.7,1.1,3.1,8.4,2.75
Pablo Sandoval,31,0,0,0,0.00,0,1.0,0,0,0,0,0,0,0,0,3.09,0.000,0.0,0.0,0.0,0.0,0
Dennis Santana,22,1,0,1.000,12.27,0,3.2,6,5,5,0,1,0,4,35,2.54,1.909,14.7,0.0,2.5,9.8,4.00
Edgar Santana,26,2,1,.667,3.97,0,34.0,32,16,15,5,4,0,28,100,3.71,1.059,8.5,1.3,1.1,7.4,7.00
Hector Santiago,30,2,3,.400,4.70,0,61.1,63,33,32,11,37,2,48,86,5.81,1.630,9.2,1.6,5.4,7.0,1.30
Luis Santos,27,0,0,0,32.40,0,1.2,5,6,6,0,3,0,2,16,6.09,4.800,27.0,0.0,16.2,10.8,0.67
Warwick Saupold,28,4,1,.800,4.32,1,33.1,39,16,16,5,12,1,16,101,5.34,1.530,10.5,1.4,3.2,4.3,1.33
Max Scherzer,33,10,4,.714,2.04,0,114.2,71,29,26,10,27,1,165,201,2.18,0.855,5.6,0.8,2.1,13.0,6.11
Jaime Schultz,27,0,0,0,0.00,0,1.0,0,0,0,0,0,0,3,0,-2.91,0.000,0.0,0.0,0.0,27.0,0
Robby Scott,28,0,1,.000,54.00,0,0.1,0,2,2,0,1,0,0,17,21.09,3.000,0.0,0.0,27.0,0.0,0.00
Tanner Scott,23,0,1,.000,6.10,0,20.2,22,14,14,2,10,1,29,67,2.99,1.548,9.6,0.9,4.4,12.6,2.90
Troy Scribner,26,0,1,.000,4.91,0,3.2,4,2,2,0,6,0,4,96,5.82,2.727,9.8,0.0,14.7,9.8,0.67
Antonio Senzatela,23,2,1,.667,6.23,0,17.1,23,13,12,2,6,0,14,77,4.18,1.673,11.9,1.0,3.1,7.3,2.33
Luis Severino,24,12,2,.857,2.10,0,111.2,81,27,26,6,26,0,132,201,2.20,0.958,6.5,0.5,2.1,10.6,5.08
Paul Sewald,28,0,4,.000,4.85,0,39.0,38,22,21,6,11,0,38,79,4.06,1.256,8.8,1.4,2.5,8.8,3.45
Kevin Shackelford,29,0,1,.000,7.88,0,8.0,13,8,7,0,4,1,7,54,3.21,2.125,14.6,0.0,4.5,7.9,1.75
Bryan Shaw,30,3,5,.375,7.57,0,35.2,50,36,30,8,20,1,34,63,5.78,1.963,12.6,2.0,5.0,8.6,1.70
Jimmie Sherfy,26,0,0,0,0.00,0,2.0,0,0,0,0,2,0,1,0,5.09,1.000,0.0,0.0,9.0,4.5,0.50
Ryan Sherriff,28,0,0,0,6.35,0,5.2,8,4,4,1,2,0,3,66,5.91,1.765,12.7,1.6,3.2,4.8,1.50
James Shields,36,3,9,.250,4.29,0,107.0,92,57,51,12,41,0,73,94,4.42,1.243,7.7,1.0,3.4,6.1,1.78
Braden Shipley,26,0,0,0,7.20,0,5.0,4,4,4,0,2,0,3,64,3.69,1.200,7.2,0.0,3.6,5.4,1.50
Matt Shoemaker,31,1,0,1.000,4.76,0,5.2,4,3,3,0,4,0,4,89,3.79,1.412,6.4,0.0,6.4,6.4,1.00
Chasen Shreve,27,2,2,.500,4.82,0,28.0,28,20,15,7,16,0,35,88,5.66,1.571,9.0,2.3,5.1,11.3,2.19
Lucas Sims,24,0,0,0,7.84,0,10.1,12,9,9,2,8,1,10,52,6.28,1.935,10.5,1.7,7.0,8.7,1.25
Tony Sipp,34,2,0,1.000,2.41,0,18.2,13,5,5,0,7,0,17,159,2.55,1.071,6.3,0.0,3.4,8.2,2.43
Tyler Skaggs,26,6,5,.545,2.69,0,87.0,81,28,26,8,26,0,94,149,3.12,1.230,8.4,0.8,2.7,9.7,3.62
Eric Skoglund,25,1,5,.167,6.70,0,49.2,55,37,37,10,14,0,39,62,5.28,1.389,10.0,1.8,2.5,7.1,2.79
Aaron Slegers,25,0,0,0,3.38,0,5.1,6,2,2,1,1,0,3,130,4.96,1.313,10.1,1.7,1.7,5.1,3.00
Burch Smith,28,0,0,0,6.03,0,34.1,36,23,23,8,21,1,36,69,6.03,1.660,9.4,2.1,5.5,9.4,1.71
Caleb Smith,26,5,6,.455,4.19,0,77.1,63,36,36,10,33,2,88,89,3.89,1.241,7.3,1.2,3.8,10.2,2.67
Carson Smith,28,1,1,.500,3.77,0,14.1,14,6,6,2,6,0,18,119,3.65,1.395,8.8,1.3,3.8,11.3,3.00
Drew Smith,24,0,0,0,3.00,0,3.0,4,1,1,0,2,0,2,143,3.75,2.000,12.0,0.0,6.0,6.0,1.00
Joe Smith,34,2,1,.667,5.49,0,19.2,15,12,12,4,7,0,20,70,4.77,1.119,6.9,1.8,3.2,9.2,2.86
Will Smith,28,0,0,0,1.13,1,24.0,10,4,3,0,7,2,33,352,1.21,0.708,3.8,0.0,2.6,12.4,4.71
Josh Smoker,29,0,0,0,9.00,0,4.0,9,4,4,1,2,0,0,48,7.84,2.750,20.3,2.3,4.5,0.0,0.00
Jake Smolinski,29,0,0,0,18.00,0,1.0,2,2,2,1,0,0,0,30,16.09,2.000,18.0,9.0,0.0,0.0,0
Blake Snell,25,10,4,.714,2.31,0,101.1,65,28,26,11,40,1,113,170,3.48,1.036,5.8,1.0,3.6,10.0,2.83
D.J. Snelten,26,0,0,0,10.38,0,4.1,9,6,5,2,3,0,4,41,9.32,2.769,18.7,4.2,6.2,8.3,1.33
Miguel Socolovich,31,0,1,.000,10.80,0,5.0,8,6,6,0,2,0,4,39,2.69,2.000,14.4,0.0,3.6,7.2,2.00
Sammy Solis,29,1,1,.500,4.50,0,28.0,22,14,14,3,15,1,30,92,4.16,1.321,7.1,1.0,4.8,9.6,2.00
Joakim Soria,34,0,2,.000,2.70,11,30.0,27,11,9,2,6,1,33,151,2.45,1.100,8.1,0.6,1.8,9.9,5.50
Mike Soroka,20,2,1,.667,3.51,0,25.2,30,14,10,1,7,0,21,113,2.78,1.442,10.5,0.4,2.5,7.4,3.00
Cory Spangenberg,27,0,0,0,13.50,0,2.0,4,3,3,0,3,0,0,35,7.59,3.500,18.0,0.0,13.5,0.0,0.00
Craig Stammen,34,4,1,.800,2.65,0,37.1,31,12,11,1,7,1,41,150,1.80,1.018,7.5,0.2,1.7,9.9,5.86
Ryne Stanek,26,1,1,.500,1.85,0,24.1,10,5,5,2,13,1,28,215,3.46,0.945,3.7,0.7,4.8,10.4,2.15
Drew Steckenrider,27,3,1,.750,3.38,1,34.2,26,13,13,2,15,3,40,111,3.00,1.183,6.8,0.5,3.9,10.4,2.67
Jackson Stephens,24,2,0,1.000,4.00,0,18.0,22,11,8,4,2,0,16,104,4.70,1.333,11.0,2.0,1.0,8.0,8.00
Brock Stewart,26,0,1,.000,6.11,0,17.2,23,15,12,4,9,3,14,64,6.31,1.811,11.7,2.0,4.6,7.1,1.56
Robert Stock,28,0,0,0,3.38,0,2.2,4,1,1,0,0,0,5,134,1.59,1.500,13.5,0.0,0.0,16.9,0
Eric Stout,25,0,0,0,23.14,0,2.1,7,7,6,2,2,0,2,21,15.09,3.857,27.0,7.7,7.7,7.7,1.00
Matt Strahm,26,2,2,.500,2.19,0,24.2,14,7,6,2,11,1,24,183,3.53,1.014,5.1,0.7,4.0,8.8,2.18
Dan Straily,29,3,3,.500,4.82,0,52.1,48,30,28,12,25,1,45,77,6.01,1.395,8.3,2.1,4.3,7.7,1.80
Stephen Strasburg,29,6,6,.500,3.46,0,80.2,69,35,31,12,19,1,95,119,3.52,1.091,7.7,1.3,2.1,10.6,5.00
Chris Stratton,27,8,5,.615,4.45,0,91.0,92,49,45,9,35,1,70,88,4.06,1.396,9.1,0.9,3.5,6.9,2.00
Hunter Strickland,29,3,3,.500,2.84,13,31.2,26,12,10,2,13,2,29,139,3.31,1.232,7.4,0.6,3.7,8.2,2.23
Ross Stripling,28,6,2,.750,1.98,0,77.1,71,18,17,8,12,2,89,196,2.60,1.073,8.3,0.9,1.4,10.4,7.42
Marcus Stroman,27,1,5,.167,6.20,0,49.1,57,36,34,6,19,0,41,68,4.16,1.541,10.4,1.1,3.5,7.5,2.16
Pedro Strop,33,3,1,.750,2.76,1,32.2,24,10,10,2,13,2,32,152,3.12,1.133,6.6,0.6,3.6,8.8,2.46
Daniel Stumpf,27,1,3,.250,5.71,0,17.1,21,11,11,1,12,1,14,77,4.30,1.904,10.9,0.5,6.2,7.3,1.17
Andrew Suarez,25,3,4,.429,4.18,0,71.0,76,36,33,9,15,0,66,94,3.55,1.282,9.6,1.1,1.9,8.4,4.40
Wander Suero,26,1,0,1.000,3.63,0,17.1,14,8,7,2,6,0,16,115,4.13,1.154,7.3,1.0,3.1,8.3,2.67
Brent Suter,28,8,5,.615,4.28,0,88.1,84,43,42,14,18,2,73,97,4.24,1.155,8.6,1.4,1.8,7.4,4.06
Anthony Swarzak,32,0,1,.000,4.85,1,13.0,17,7,7,5,5,0,15,80,6.93,1.692,11.8,3.5,3.5,10.4,3.00
Noah Syndergaard,25,4,1,.800,3.06,0,64.2,63,25,22,5,13,0,76,124,2.53,1.175,8.8,0.7,1.8,10.6,5.85
Jameson Taillon,26,5,6,.455,3.96,0,88.2,83,39,39,10,25,4,83,100,3.63,1.218,8.4,1.0,2.5,8.4,3.32
Masahiro Tanaka,29,7,2,.778,4.58,0,72.2,60,39,37,16,19,0,73,92,4.89,1.087,7.4,2.0,2.4,9.0,3.84
Ben Taylor,25,0,0,0,6.00,0,6.0,6,4,4,2,1,0,8,78,5.25,1.167,9.0,3.0,1.5,12.0,8.00
Junichi Tazawa,32,1,1,.500,9.00,0,20.0,28,21,20,6,13,3,24,42,6.54,2.050,12.6,2.7,5.9,10.8,1.85
Julio Teheran,27,6,5,.545,4.21,0,87.2,65,41,41,15,41,1,77,93,5.10,1.209,6.7,1.5,4.2,7.9,1.88
Ryan Tepera,30,5,3,.625,2.97,6,39.1,35,14,13,5,12,0,43,142,3.55,1.195,8.0,1.1,2.7,9.8,3.58
Jake Thompson,24,1,0,1.000,7.20,2,10.0,12,9,8,1,4,0,10,57,3.59,1.600,10.8,0.9,3.6,9.0,2.50
Chris Tillman,30,1,5,.167,10.46,0,26.2,42,32,31,6,17,0,13,39,7.18,2.213,14.2,2.0,5.7,4.4,0.76
Josh Tomlin,33,0,4,.000,6.04,0,44.2,55,34,30,18,7,1,27,73,7.79,1.388,11.1,3.6,1.4,5.4,3.86
Carlos Torres,35,0,0,0,6.52,0,9.2,9,7,7,3,3,0,9,65,6.50,1.241,8.4,2.8,2.8,8.4,3.00
Blake Treinen,30,4,1,.800,0.89,21,40.2,25,7,4,1,12,3,49,450,1.88,0.910,5.5,0.2,2.7,10.8,4.08
Andrew Triggs,29,3,1,.750,5.23,0,41.1,37,24,24,7,18,0,43,76,4.73,1.331,8.1,1.5,3.9,9.4,2.39
Lou Trivino,26,6,1,.857,1.59,2,34.0,20,6,6,3,13,1,39,251,3.09,0.971,5.3,0.8,3.4,10.3,3.00
Nick Tropeano,27,3,4,.429,4.83,0,54.0,53,29,29,9,20,1,44,83,4.79,1.352,8.8,1.5,3.3,7.3,2.20
Jen-Ho Tseng,23,0,0,0,13.50,0,2.0,4,3,3,1,0,0,3,36,6.59,2.000,18.0,4.5,0.0,13.5,0
Sam Tuivailala,25,1,3,.250,3.33,0,24.1,26,9,9,2,9,2,21,119,3.66,1.438,9.6,0.7,3.3,7.8,2.33
Jacob Turner,27,0,0,0,15.88,0,5.2,13,10,10,1,5,0,2,25,7.32,3.176,20.6,1.6,7.9,3.2,0.40
Duane Underwood,23,0,1,.000,2.25,0,4.0,2,1,1,1,3,0,3,201,7.09,1.250,4.5,2.3,6.8,6.8,1.00
Jose Urena,26,2,9,.182,4.40,0,94.0,91,47,46,9,21,5,75,84,3.66,1.191,8.7,0.9,2.0,7.2,3.57
Jose Valdez,28,0,0,0,12.60,0,5.0,8,7,7,3,1,0,4,33,9.89,1.800,14.4,5.4,1.8,7.2,4.00
Jesmuel Valentin,24,0,0,0,27.00,0,1.0,2,3,3,1,2,0,1,20,20.09,4.000,18.0,9.0,18.0,9.0,0.50
Jason Vargas,35,2,6,.250,8.60,0,37.2,55,36,36,11,14,1,32,44,6.54,1.832,13.1,2.6,3.3,7.6,2.29
Jerry Vasto,26,0,0,0,40.50,0,0.2,3,3,3,0,1,0,1,17,4.59,6.000,40.5,0.0,13.5,13.5,1.00
Felipe Vazquez,26,3,2,.600,3.78,16,33.1,31,17,14,1,15,1,42,105,2.31,1.380,8.4,0.3,4.1,11.3,2.80
Vince Velasquez,26,5,8,.385,4.69,0,86.1,77,49,45,13,33,1,104,85,3.85,1.274,8.0,1.4,3.4,10.8,3.15
Hector Velazquez,29,6,0,1.000,2.38,0,41.2,49,11,11,3,9,0,28,185,3.54,1.392,10.6,0.6,1.9,6.0,3.11
Pat Venditte#,33,0,0,0,8.31,0,4.1,8,4,4,1,1,0,4,51,5.63,2.077,16.6,2.1,2.1,8.3,4.00
Jonny Venters,33,1,1,.500,3.95,1,13.2,11,6,6,1,6,1,11,102,3.75,1.244,7.2,0.7,4.0,7.2,1.83
Drew VerHagen,27,0,2,.000,9.16,0,18.2,20,19,19,3,9,0,18,48,4.86,1.554,9.6,1.4,4.3,8.7,2.00
Justin Verlander,35,9,3,.750,1.82,0,113.2,69,25,23,11,23,0,136,206,2.69,0.809,5.5,0.9,1.8,10.8,5.91
Nick Vincent,31,3,1,.750,4.26,0,25.1,27,14,12,3,7,2,24,94,3.68,1.342,9.6,1.1,2.5,8.5,3.43
Arodys Vizcaino,27,2,2,.500,1.82,15,29.2,22,6,6,2,12,1,33,217,3.16,1.146,6.7,0.6,3.6,10.0,2.75
Chris Volstad,31,1,4,.200,4.20,0,40.2,49,20,19,8,8,0,25,97,5.08,1.402,10.8,1.8,1.8,5.5,3.13
Michael Wacha,26,8,2,.800,3.20,0,84.1,68,36,30,9,36,0,71,122,4.14,1.233,7.3,1.0,3.8,7.6,1.97
Adam Wainwright,36,1,3,.250,4.00,0,18.0,19,9,8,2,14,1,15,99,5.53,1.833,9.5,1.0,7.0,7.5,1.07
Marcus Walden,29,0,0,0,3.68,1,14.2,14,7,6,0,3,0,14,121,2.00,1.159,8.6,0.0,1.8,8.6,4.67
Taijuan Walker,25,0,0,0,3.46,0,13.0,15,5,5,1,5,0,9,128,3.86,1.538,10.4,0.7,3.5,6.2,1.80
Adam Warren,30,0,1,.000,1.56,0,17.1,13,3,3,1,9,0,20,275,3.09,1.269,6.8,0.5,4.7,10.4,2.22
Tony Watson,33,2,2,.500,1.69,0,37.1,28,7,7,1,7,1,40,233,1.94,0.938,6.8,0.2,1.7,9.6,5.71
Luke Weaver,24,4,6,.400,4.59,0,84.1,85,45,43,10,32,0,77,85,4.01,1.387,9.1,1.1,3.4,8.2,2.41
Tyler Webb,27,0,1,.000,12.60,0,5.0,6,7,7,2,3,0,4,34,8.49,1.800,10.8,3.6,5.4,7.2,1.33
Ryan Weber,27,0,0,0,27.00,0,0.1,1,3,1,0,1,0,0,32,12.09,6.000,27.0,0.0,27.0,0.0,0.00
Zack Weiss,26,0,0,0,inf,0,0.0,2,4,4,2,2,0,0,4,0,0,0,0,0,0,0.00
Robert Whalen,24,0,0,0,0.00,0,4.0,1,0,0,0,1,0,0,0,3.84,0.500,2.3,0.0,2.3,0.0,0.00
Zack Wheeler,28,2,6,.250,4.47,0,88.2,86,46,44,9,32,0,86,85,3.65,1.331,8.7,0.9,3.2,8.7,2.69
Chase Whitley,29,0,0,0,18.00,0,1.0,2,2,2,1,1,0,1,30,17.09,3.000,18.0,9.0,9.0,9.0,1.00
Taylor Williams,26,0,2,.000,2.43,0,29.2,18,9,8,3,16,2,40,173,3.43,1.146,5.5,0.9,4.9,12.1,2.50
Trevor Williams,26,6,5,.545,4.03,0,87.0,76,44,39,10,28,2,64,98,4.15,1.195,7.9,1.0,2.9,6.6,2.29
Alex Wilson,31,0,3,.000,4.11,0,30.2,26,14,14,5,9,1,21,106,4.91,1.141,7.6,1.5,2.6,6.2,2.33
Justin Wilson,30,1,2,.333,3.27,0,33.0,25,12,12,3,25,0,45,128,3.82,1.515,6.8,0.8,6.8,12.3,1.80
Dan Winkler,28,2,0,1.000,2.48,1,32.2,22,12,9,0,9,0,42,159,1.62,0.949,6.1,0.0,2.5,11.6,4.67
Matt Wisler,25,1,1,.500,4.32,0,25.0,25,12,12,5,5,0,19,92,4.77,1.200,9.0,1.8,1.8,6.8,3.80
Nick Wittgren,27,2,1,.667,3.63,0,22.1,23,11,9,0,13,2,20,104,3.04,1.612,9.3,0.0,5.2,8.1,1.54
Alex Wood,27,4,5,.444,4.00,0,87.2,86,45,39,10,16,1,81,97,3.30,1.163,8.8,1.0,1.6,8.3,5.06
Blake Wood,32,1,0,1.000,2.31,0,11.2,8,3,3,1,7,2,10,178,4.55,1.286,6.2,0.8,5.4,7.7,1.43
Hunter Wood,24,0,0,0,3.86,0,2.1,4,1,1,0,1,0,1,118,3.52,2.143,15.4,0.0,3.9,3.9,1.00
Brandon Woodruff,25,2,0,1.000,5.01,0,23.1,21,14,13,3,9,0,23,84,4.07,1.286,8.1,1.2,3.5,8.9,2.56
Brandon Workman,29,0,0,0,0.90,0,10.0,5,1,1,0,4,0,13,501,1.69,0.900,4.5,0.0,3.6,11.7,3.25
Mike Wright,28,1,0,1.000,5.08,0,44.1,53,28,25,4,22,1,34,80,4.49,1.692,10.8,0.8,4.5,6.9,1.55
Steven Wright,33,2,1,.667,3.38,0,40.0,30,15,15,4,20,1,31,130,4.41,1.250,6.8,0.9,4.5,7.0,1.55
Jimmy Yacabonis,26,0,0,0,8.53,0,6.1,9,6,6,1,6,1,6,50,6.09,2.368,12.8,1.4,8.5,8.5,1.00
Ryan Yarbrough,26,7,4,.636,3.76,0,79.0,74,37,33,11,28,4,71,104,4.32,1.291,8.4,1.3,3.2,8.1,2.54
Kirby Yates,31,3,0,1.000,0.82,2,33.0,19,3,3,1,9,0,40,487,2.15,0.848,5.2,0.3,2.5,10.9,4.44
Rob Zastryzny,26,1,0,1.000,1.69,0,5.1,4,1,1,0,3,0,3,262,4.21,1.313,6.8,0.0,5.1,5.1,1.00
Brad Ziegler,38,0,5,.000,5.12,9,38.2,42,24,22,6,12,3,27,73,4.72,1.397,9.8,1.4,2.8,6.3,2.25
Jordan Zimmermann,32,2,0,1.000,4.35,0,41.1,40,24,20,5,10,0,39,100,3.50,1.210,8.7,1.1,2.2,8.5,3.90
